{
    "counter": {
        "ACTIVE": 2,
        "INACTIVE": 0,
        "INVALID": 3202,
        "MALICIOUS": 0,
        "SANE": 0,
        "VALID": 0,
        "total": 3204
    },
    "percentage": {
        "ACTIVE": 8.333333333333334,
        "INACTIVE": 0,
        "INVALID": 99.93757802746566,
        "MALICIOUS": 0,
        "SANE": 0,
        "VALID": 0,
        "total": 108.27091136079899
    }
}