{
    "counter": {
        "ACTIVE": 2,
        "INACTIVE": 0,
        "INVALID": 3652,
        "MALICIOUS": 0,
        "SANE": 0,
        "VALID": 0,
        "total": 3654
    },
    "percentage": {
        "ACTIVE": 8.333333333333334,
        "INACTIVE": 0,
        "INVALID": 99.94526546250684,
        "MALICIOUS": 0,
        "SANE": 0,
        "VALID": 0,
        "total": 108.27859879584017
    }
}