{
    "counter": {
        "ACTIVE": 2,
        "INACTIVE": 0,
        "INVALID": 3750,
        "MALICIOUS": 0,
        "SANE": 0,
        "VALID": 0,
        "total": 3752
    },
    "percentage": {
        "ACTIVE": 8.333333333333334,
        "INACTIVE": 0,
        "INVALID": 99.94669509594883,
        "MALICIOUS": 0,
        "SANE": 0,
        "VALID": 0,
        "total": 108.28002842928215
    }
}