{
    "counter": {
        "ACTIVE": 2,
        "INACTIVE": 0,
        "INVALID": 3707,
        "MALICIOUS": 0,
        "SANE": 0,
        "VALID": 0,
        "total": 3709
    },
    "percentage": {
        "ACTIVE": 8.333333333333334,
        "INACTIVE": 0,
        "INVALID": 99.94607710973308,
        "MALICIOUS": 0,
        "SANE": 0,
        "VALID": 0,
        "total": 108.27941044306641
    }
}