{
    "counter": {
        "ACTIVE": 2,
        "INACTIVE": 0,
        "INVALID": 3441,
        "MALICIOUS": 0,
        "SANE": 0,
        "VALID": 0,
        "total": 3443
    },
    "percentage": {
        "ACTIVE": 8.333333333333334,
        "INACTIVE": 0,
        "INVALID": 99.94191112401975,
        "MALICIOUS": 0,
        "SANE": 0,
        "VALID": 0,
        "total": 108.27524445735308
    }
}