{
    "counter": {
        "ACTIVE": 11242,
        "INACTIVE": 144,
        "INVALID": 14966,
        "MALICIOUS": 0,
        "SANE": 0,
        "VALID": 0,
        "total": 26352
    },
    "percentage": {
        "ACTIVE": 42.66089860352155,
        "INACTIVE": 0.5506271030896298,
        "INVALID": 57.063331681092,
        "MALICIOUS": 0,
        "SANE": 0,
        "VALID": 0,
        "total": 100.27485738770318
    }
}