{
    "counter": {
        "ACTIVE": 2,
        "INACTIVE": 0,
        "INVALID": 3382,
        "MALICIOUS": 0,
        "SANE": 0,
        "VALID": 0,
        "total": 3384
    },
    "percentage": {
        "ACTIVE": 8.333333333333334,
        "INACTIVE": 0,
        "INVALID": 99.94089834515367,
        "MALICIOUS": 0,
        "SANE": 0,
        "VALID": 0,
        "total": 108.274231678487
    }
}