{
    "counter": {
        "ACTIVE": 2,
        "INACTIVE": 0,
        "INVALID": 3182,
        "MALICIOUS": 0,
        "SANE": 0,
        "VALID": 0,
        "total": 3184
    },
    "percentage": {
        "ACTIVE": 8.333333333333334,
        "INACTIVE": 0,
        "INVALID": 99.93718592964824,
        "MALICIOUS": 0,
        "SANE": 0,
        "VALID": 0,
        "total": 108.27051926298157
    }
}