{
    "counter": {
        "ACTIVE": 2,
        "INACTIVE": 0,
        "INVALID": 3741,
        "MALICIOUS": 0,
        "SANE": 0,
        "VALID": 0,
        "total": 3743
    },
    "percentage": {
        "ACTIVE": 8.333333333333334,
        "INACTIVE": 0,
        "INVALID": 99.94656692492653,
        "MALICIOUS": 0,
        "SANE": 0,
        "VALID": 0,
        "total": 108.27990025825986
    }
}