{
    "counter": {
        "ACTIVE": 11303,
        "INACTIVE": 146,
        "INVALID": 14967,
        "MALICIOUS": 0,
        "SANE": 0,
        "VALID": 0,
        "total": 26416
    },
    "percentage": {
        "ACTIVE": 42.78846153846154,
        "INACTIVE": 0.5528627688579218,
        "INVALID": 56.68674014316555,
        "MALICIOUS": 0,
        "SANE": 0,
        "VALID": 0,
        "total": 100.028064450485
    }
}