{
    "counter": {
        "ACTIVE": 11268,
        "INACTIVE": 145,
        "INVALID": 14966,
        "MALICIOUS": 0,
        "SANE": 0,
        "VALID": 0,
        "total": 26379
    },
    "percentage": {
        "ACTIVE": 42.71579665643125,
        "INACTIVE": 0.5501802314551318,
        "INVALID": 57.063331681092,
        "MALICIOUS": 0,
        "SANE": 0,
        "VALID": 0,
        "total": 100.32930856897838
    }
}