{
    "counter": {
        "ACTIVE": 11389,
        "INACTIVE": 149,
        "INVALID": 14968,
        "MALICIOUS": 0,
        "SANE": 0,
        "VALID": 0,
        "total": 26506
    },
    "percentage": {
        "ACTIVE": 42.9676299705727,
        "INACTIVE": 0.5624551734551357,
        "INVALID": 56.62190278040477,
        "MALICIOUS": 0,
        "SANE": 0,
        "VALID": 0,
        "total": 100.1519879244326
    }
}