{
    "counter": {
        "ACTIVE": 11451,
        "INACTIVE": 149,
        "INVALID": 14969,
        "MALICIOUS": 0,
        "SANE": 0,
        "VALID": 0,
        "total": 26569
    },
    "percentage": {
        "ACTIVE": 43.09910045541797,
        "INACTIVE": 0.5624551734551357,
        "INVALID": 56.36343098124859,
        "MALICIOUS": 0,
        "SANE": 0,
        "VALID": 0,
        "total": 100.02498661012169
    }
}