{
    "counter": {
        "ACTIVE": 2,
        "INACTIVE": 0,
        "INVALID": 3240,
        "MALICIOUS": 0,
        "SANE": 0,
        "VALID": 0,
        "total": 3242
    },
    "percentage": {
        "ACTIVE": 8.333333333333334,
        "INACTIVE": 0,
        "INVALID": 99.9383096853794,
        "MALICIOUS": 0,
        "SANE": 0,
        "VALID": 0,
        "total": 108.27164301871272
    }
}