{
    "counter": {
        "ACTIVE": 2,
        "INACTIVE": 0,
        "INVALID": 3284,
        "MALICIOUS": 0,
        "SANE": 0,
        "VALID": 0,
        "total": 3286
    },
    "percentage": {
        "ACTIVE": 8.333333333333334,
        "INACTIVE": 0,
        "INVALID": 99.93913572732806,
        "MALICIOUS": 0,
        "SANE": 0,
        "VALID": 0,
        "total": 108.2724690606614
    }
}