{
    "counter": {
        "ACTIVE": 2,
        "INACTIVE": 0,
        "INVALID": 3892,
        "MALICIOUS": 0,
        "SANE": 0,
        "VALID": 0,
        "total": 3894
    },
    "percentage": {
        "ACTIVE": 8.333333333333334,
        "INACTIVE": 0,
        "INVALID": 99.94863893168979,
        "MALICIOUS": 0,
        "SANE": 0,
        "VALID": 0,
        "total": 108.28197226502311
    }
}