{
    "counter": {
        "ACTIVE": 2,
        "INACTIVE": 0,
        "INVALID": 3552,
        "MALICIOUS": 0,
        "SANE": 0,
        "VALID": 0,
        "total": 3554
    },
    "percentage": {
        "ACTIVE": 8.333333333333334,
        "INACTIVE": 0,
        "INVALID": 99.94372537985369,
        "MALICIOUS": 0,
        "SANE": 0,
        "VALID": 0,
        "total": 108.27705871318702
    }
}