{
    "counter": {
        "ACTIVE": 2,
        "INACTIVE": 0,
        "INVALID": 3619,
        "MALICIOUS": 0,
        "SANE": 0,
        "VALID": 0,
        "total": 3621
    },
    "percentage": {
        "ACTIVE": 8.333333333333334,
        "INACTIVE": 0,
        "INVALID": 99.94476663904999,
        "MALICIOUS": 0,
        "SANE": 0,
        "VALID": 0,
        "total": 108.27809997238332
    }
}