{
    "counter": {
        "ACTIVE": 2,
        "INACTIVE": 0,
        "INVALID": 3413,
        "MALICIOUS": 0,
        "SANE": 0,
        "VALID": 0,
        "total": 3415
    },
    "percentage": {
        "ACTIVE": 8.333333333333334,
        "INACTIVE": 0,
        "INVALID": 99.94143484626647,
        "MALICIOUS": 0,
        "SANE": 0,
        "VALID": 0,
        "total": 108.2747681795998
    }
}