{
    "counter": {
        "ACTIVE": 11840,
        "INACTIVE": 153,
        "INVALID": 14969,
        "MALICIOUS": 0,
        "SANE": 0,
        "VALID": 0,
        "total": 26962
    },
    "percentage": {
        "ACTIVE": 43.91365625695423,
        "INACTIVE": 0.5698748510131109,
        "INVALID": 56.36343098124859,
        "MALICIOUS": 0,
        "SANE": 0,
        "VALID": 0,
        "total": 100.84696208921594
    }
}