{
    "counter": {
        "ACTIVE": 2,
        "INACTIVE": 0,
        "INVALID": 3184,
        "MALICIOUS": 0,
        "SANE": 0,
        "VALID": 0,
        "total": 3186
    },
    "percentage": {
        "ACTIVE": 8.333333333333334,
        "INACTIVE": 0,
        "INVALID": 99.93722536095417,
        "MALICIOUS": 0,
        "SANE": 0,
        "VALID": 0,
        "total": 108.2705586942875
    }
}