{
    "counter": {
        "ACTIVE": 2,
        "INACTIVE": 0,
        "INVALID": 3496,
        "MALICIOUS": 0,
        "SANE": 0,
        "VALID": 0,
        "total": 3498
    },
    "percentage": {
        "ACTIVE": 8.333333333333334,
        "INACTIVE": 0,
        "INVALID": 99.94282447112636,
        "MALICIOUS": 0,
        "SANE": 0,
        "VALID": 0,
        "total": 108.27615780445969
    }
}