{
    "counter": {
        "ACTIVE": 12088,
        "INACTIVE": 154,
        "INVALID": 14971,
        "MALICIOUS": 0,
        "SANE": 0,
        "VALID": 0,
        "total": 27213
    },
    "percentage": {
        "ACTIVE": 44.419946349171354,
        "INACTIVE": 0.5659060008084371,
        "INVALID": 55.01414765002021,
        "MALICIOUS": 0.0,
        "SANE": 0.0,
        "VALID": 0.0,
        "total": 100.0
    }
}