{
    "counter": {
        "ACTIVE": 2,
        "INACTIVE": 0,
        "INVALID": 3909,
        "MALICIOUS": 0,
        "SANE": 0,
        "VALID": 0,
        "total": 3911
    },
    "percentage": {
        "ACTIVE": 8.333333333333334,
        "INACTIVE": 0,
        "INVALID": 99.94886218358477,
        "MALICIOUS": 0,
        "SANE": 0,
        "VALID": 0,
        "total": 108.2821955169181
    }
}