{
    "counter": {
        "ACTIVE": 2,
        "INACTIVE": 0,
        "INVALID": 3320,
        "MALICIOUS": 0,
        "SANE": 0,
        "VALID": 0,
        "total": 3322
    },
    "percentage": {
        "ACTIVE": 8.333333333333334,
        "INACTIVE": 0,
        "INVALID": 99.93979530403371,
        "MALICIOUS": 0,
        "SANE": 0,
        "VALID": 0,
        "total": 108.27312863736704
    }
}