{
    "counter": {
        "ACTIVE": 2,
        "INACTIVE": 0,
        "INVALID": 3219,
        "MALICIOUS": 0,
        "SANE": 0,
        "VALID": 0,
        "total": 3221
    },
    "percentage": {
        "ACTIVE": 8.333333333333334,
        "INACTIVE": 0,
        "INVALID": 99.9379074821484,
        "MALICIOUS": 0,
        "SANE": 0,
        "VALID": 0,
        "total": 108.27124081548173
    }
}