{
    "counter": {
        "ACTIVE": 11299,
        "INACTIVE": 146,
        "INVALID": 14967,
        "MALICIOUS": 0,
        "SANE": 0,
        "VALID": 0,
        "total": 26412
    },
    "percentage": {
        "ACTIVE": 42.779797061941544,
        "INACTIVE": 0.5528627688579218,
        "INVALID": 56.68674014316555,
        "MALICIOUS": 0,
        "SANE": 0,
        "VALID": 0,
        "total": 100.01939997396502
    }
}