{
    "counter": {
        "ACTIVE": 12046,
        "INACTIVE": 153,
        "INVALID": 14971,
        "MALICIOUS": 0,
        "SANE": 0,
        "VALID": 0,
        "total": 27170
    },
    "percentage": {
        "ACTIVE": 44.33566433566433,
        "INACTIVE": 0.5698748510131109,
        "INVALID": 55.45225572264612,
        "MALICIOUS": 0,
        "SANE": 0,
        "VALID": 0,
        "total": 100.35779490932356
    }
}