{
    "counter": {
        "ACTIVE": 2,
        "INACTIVE": 0,
        "INVALID": 2950,
        "MALICIOUS": 0,
        "SANE": 0,
        "VALID": 0,
        "total": 2952
    },
    "percentage": {
        "ACTIVE": 8.333333333333334,
        "INACTIVE": 0,
        "INVALID": 99.93224932249322,
        "MALICIOUS": 0,
        "SANE": 0,
        "VALID": 0,
        "total": 108.26558265582655
    }
}