{
    "counter": {
        "ACTIVE": 2,
        "INACTIVE": 0,
        "INVALID": 3888,
        "MALICIOUS": 0,
        "SANE": 0,
        "VALID": 0,
        "total": 3890
    },
    "percentage": {
        "ACTIVE": 8.333333333333334,
        "INACTIVE": 0,
        "INVALID": 99.94858611825192,
        "MALICIOUS": 0,
        "SANE": 0,
        "VALID": 0,
        "total": 108.28191945158525
    }
}