{
    "counter": {
        "ACTIVE": 2,
        "INACTIVE": 0,
        "INVALID": 3314,
        "MALICIOUS": 0,
        "SANE": 0,
        "VALID": 0,
        "total": 3316
    },
    "percentage": {
        "ACTIVE": 8.333333333333334,
        "INACTIVE": 0,
        "INVALID": 99.93968636911941,
        "MALICIOUS": 0,
        "SANE": 0,
        "VALID": 0,
        "total": 108.27301970245274
    }
}