{
    "counter": {
        "ACTIVE": 2,
        "INACTIVE": 0,
        "INVALID": 3189,
        "MALICIOUS": 0,
        "SANE": 0,
        "VALID": 0,
        "total": 3191
    },
    "percentage": {
        "ACTIVE": 8.333333333333334,
        "INACTIVE": 0,
        "INVALID": 99.93732372297086,
        "MALICIOUS": 0,
        "SANE": 0,
        "VALID": 0,
        "total": 108.27065705630419
    }
}