{
    "counter": {
        "ACTIVE": 2,
        "INACTIVE": 0,
        "INVALID": 3390,
        "MALICIOUS": 0,
        "SANE": 0,
        "VALID": 0,
        "total": 3392
    },
    "percentage": {
        "ACTIVE": 8.333333333333334,
        "INACTIVE": 0,
        "INVALID": 99.94103773584905,
        "MALICIOUS": 0,
        "SANE": 0,
        "VALID": 0,
        "total": 108.27437106918238
    }
}