{
    "counter": {
        "ACTIVE": 12062,
        "INACTIVE": 153,
        "INVALID": 14971,
        "MALICIOUS": 0,
        "SANE": 0,
        "VALID": 0,
        "total": 27186
    },
    "percentage": {
        "ACTIVE": 44.36842492459354,
        "INACTIVE": 0.5627896711542706,
        "INVALID": 55.06878540425219,
        "MALICIOUS": 0.0,
        "SANE": 0.0,
        "VALID": 0.0,
        "total": 100.0
    }
}