{
    "counter": {
        "ACTIVE": 12123,
        "INACTIVE": 154,
        "INVALID": 14971,
        "MALICIOUS": 0,
        "SANE": 0,
        "VALID": 0,
        "total": 27248
    },
    "percentage": {
        "ACTIVE": 44.4913388138579,
        "INACTIVE": 0.5651790957134468,
        "INVALID": 54.94348209042865,
        "MALICIOUS": 0.0,
        "SANE": 0.0,
        "VALID": 0.0,
        "total": 100.0
    }
}