{
    "counter": {
        "ACTIVE": 2,
        "INACTIVE": 0,
        "INVALID": 3779,
        "MALICIOUS": 0,
        "SANE": 0,
        "VALID": 0,
        "total": 3781
    },
    "percentage": {
        "ACTIVE": 8.333333333333334,
        "INACTIVE": 0,
        "INVALID": 99.94710394075642,
        "MALICIOUS": 0,
        "SANE": 0,
        "VALID": 0,
        "total": 108.28043727408975
    }
}