{
    "counter": {
        "ACTIVE": 12143,
        "INACTIVE": 155,
        "INVALID": 14971,
        "MALICIOUS": 0,
        "SANE": 0,
        "VALID": 0,
        "total": 27269
    },
    "percentage": {
        "ACTIVE": 44.53041915728483,
        "INACTIVE": 0.5684110161722102,
        "INVALID": 54.90116982654296,
        "MALICIOUS": 0.0,
        "SANE": 0.0,
        "VALID": 0.0,
        "total": 100.0
    }
}