{
    "counter": {
        "ACTIVE": 2,
        "INACTIVE": 0,
        "INVALID": 3767,
        "MALICIOUS": 0,
        "SANE": 0,
        "VALID": 0,
        "total": 3769
    },
    "percentage": {
        "ACTIVE": 8.333333333333334,
        "INACTIVE": 0,
        "INVALID": 99.9469355266649,
        "MALICIOUS": 0,
        "SANE": 0,
        "VALID": 0,
        "total": 108.28026885999823
    }
}