{
    "counter": {
        "ACTIVE": 12101,
        "INACTIVE": 154,
        "INVALID": 14971,
        "MALICIOUS": 0,
        "SANE": 0,
        "VALID": 0,
        "total": 27226
    },
    "percentage": {
        "ACTIVE": 44.44648497759495,
        "INACTIVE": 0.5656357893190332,
        "INVALID": 54.98787923308602,
        "MALICIOUS": 0.0,
        "SANE": 0.0,
        "VALID": 0.0,
        "total": 100.0
    }
}