{
    "counter": {
        "ACTIVE": 2,
        "INACTIVE": 0,
        "INVALID": 3220,
        "MALICIOUS": 0,
        "SANE": 0,
        "VALID": 0,
        "total": 3222
    },
    "percentage": {
        "ACTIVE": 8.333333333333334,
        "INACTIVE": 0,
        "INVALID": 99.93792675356922,
        "MALICIOUS": 0,
        "SANE": 0,
        "VALID": 0,
        "total": 108.27126008690254
    }
}