{
    "counter": {
        "ACTIVE": 2,
        "INACTIVE": 0,
        "INVALID": 3911,
        "MALICIOUS": 0,
        "SANE": 0,
        "VALID": 0,
        "total": 3913
    },
    "percentage": {
        "ACTIVE": 8.333333333333334,
        "INACTIVE": 0,
        "INVALID": 99.94888832098134,
        "MALICIOUS": 0,
        "SANE": 0,
        "VALID": 0,
        "total": 108.28222165431467
    }
}