{
    "counter": {
        "ACTIVE": 2,
        "INACTIVE": 0,
        "INVALID": 3728,
        "MALICIOUS": 0,
        "SANE": 0,
        "VALID": 0,
        "total": 3730
    },
    "percentage": {
        "ACTIVE": 8.333333333333334,
        "INACTIVE": 0,
        "INVALID": 99.94638069705094,
        "MALICIOUS": 0,
        "SANE": 0,
        "VALID": 0,
        "total": 108.27971403038427
    }
}