{
    "counter": {
        "ACTIVE": 2,
        "INACTIVE": 0,
        "INVALID": 3754,
        "MALICIOUS": 0,
        "SANE": 0,
        "VALID": 0,
        "total": 3756
    },
    "percentage": {
        "ACTIVE": 8.333333333333334,
        "INACTIVE": 0,
        "INVALID": 99.94675186368477,
        "MALICIOUS": 0,
        "SANE": 0,
        "VALID": 0,
        "total": 108.2800851970181
    }
}