{
    "counter": {
        "ACTIVE": 2,
        "INACTIVE": 0,
        "INVALID": 3714,
        "MALICIOUS": 0,
        "SANE": 0,
        "VALID": 0,
        "total": 3716
    },
    "percentage": {
        "ACTIVE": 8.333333333333334,
        "INACTIVE": 0,
        "INVALID": 99.94617868675995,
        "MALICIOUS": 0,
        "SANE": 0,
        "VALID": 0,
        "total": 108.27951202009328
    }
}