{
    "counter": {
        "ACTIVE": 2,
        "INACTIVE": 0,
        "INVALID": 3788,
        "MALICIOUS": 0,
        "SANE": 0,
        "VALID": 0,
        "total": 3790
    },
    "percentage": {
        "ACTIVE": 8.333333333333334,
        "INACTIVE": 0,
        "INVALID": 99.94722955145119,
        "MALICIOUS": 0,
        "SANE": 0,
        "VALID": 0,
        "total": 108.28056288478452
    }
}