{
    "counter": {
        "ACTIVE": 11257,
        "INACTIVE": 145,
        "INVALID": 14966,
        "MALICIOUS": 0,
        "SANE": 0,
        "VALID": 0,
        "total": 26368
    },
    "percentage": {
        "ACTIVE": 42.69189927184466,
        "INACTIVE": 0.5501802314551318,
        "INVALID": 57.063331681092,
        "MALICIOUS": 0,
        "SANE": 0,
        "VALID": 0,
        "total": 100.3054111843918
    }
}