{
    "counter": {
        "ACTIVE": 2,
        "INACTIVE": 0,
        "INVALID": 3845,
        "MALICIOUS": 0,
        "SANE": 0,
        "VALID": 0,
        "total": 3847
    },
    "percentage": {
        "ACTIVE": 8.333333333333334,
        "INACTIVE": 0,
        "INVALID": 99.94801143748376,
        "MALICIOUS": 0,
        "SANE": 0,
        "VALID": 0,
        "total": 108.28134477081709
    }
}