{
    "counter": {
        "ACTIVE": 2,
        "INACTIVE": 0,
        "INVALID": 3248,
        "MALICIOUS": 0,
        "SANE": 0,
        "VALID": 0,
        "total": 3250
    },
    "percentage": {
        "ACTIVE": 8.333333333333334,
        "INACTIVE": 0,
        "INVALID": 99.93846153846154,
        "MALICIOUS": 0,
        "SANE": 0,
        "VALID": 0,
        "total": 108.27179487179487
    }
}