{
    "counter": {
        "ACTIVE": 11411,
        "INACTIVE": 149,
        "INVALID": 14968,
        "MALICIOUS": 0,
        "SANE": 0,
        "VALID": 0,
        "total": 26528
    },
    "percentage": {
        "ACTIVE": 43.01492762364294,
        "INACTIVE": 0.5624551734551357,
        "INVALID": 56.62190278040477,
        "MALICIOUS": 0,
        "SANE": 0,
        "VALID": 0,
        "total": 100.19928557750285
    }
}