{
    "counter": {
        "ACTIVE": 11468,
        "INACTIVE": 149,
        "INVALID": 14969,
        "MALICIOUS": 0,
        "SANE": 0,
        "VALID": 0,
        "total": 26586
    },
    "percentage": {
        "ACTIVE": 43.135484841645976,
        "INACTIVE": 0.5624551734551357,
        "INVALID": 56.36343098124859,
        "MALICIOUS": 0,
        "SANE": 0,
        "VALID": 0,
        "total": 100.0613709963497
    }
}