{
    "counter": {
        "ACTIVE": 2,
        "INACTIVE": 0,
        "INVALID": 3675,
        "MALICIOUS": 0,
        "SANE": 0,
        "VALID": 0,
        "total": 3677
    },
    "percentage": {
        "ACTIVE": 8.333333333333334,
        "INACTIVE": 0,
        "INVALID": 99.94560783247212,
        "MALICIOUS": 0,
        "SANE": 0,
        "VALID": 0,
        "total": 108.27894116580545
    }
}