{
    "counter": {
        "ACTIVE": 12069,
        "INACTIVE": 153,
        "INVALID": 14971,
        "MALICIOUS": 0,
        "SANE": 0,
        "VALID": 0,
        "total": 27193
    },
    "percentage": {
        "ACTIVE": 44.382745559518995,
        "INACTIVE": 0.5626447982936785,
        "INVALID": 55.05460964218733,
        "MALICIOUS": 0.0,
        "SANE": 0.0,
        "VALID": 0.0,
        "total": 100.0
    }
}