{
    "counter": {
        "ACTIVE": 2,
        "INACTIVE": 0,
        "INVALID": 3354,
        "MALICIOUS": 0,
        "SANE": 0,
        "VALID": 0,
        "total": 3356
    },
    "percentage": {
        "ACTIVE": 8.333333333333334,
        "INACTIVE": 0,
        "INVALID": 99.94040524433849,
        "MALICIOUS": 0,
        "SANE": 0,
        "VALID": 0,
        "total": 108.27373857767182
    }
}