{
    "counter": {
        "ACTIVE": 9165,
        "INACTIVE": 97,
        "INVALID": 14953,
        "MALICIOUS": 0,
        "SANE": 0,
        "VALID": 0,
        "total": 24215
    },
    "percentage": {
        "ACTIVE": 37.84844104893661,
        "INACTIVE": 0.401091630830301,
        "INVALID": 62.09975497321317,
        "MALICIOUS": 0,
        "SANE": 0,
        "VALID": 0,
        "total": 100.34928765298008
    }
}