{
    "counter": {
        "ACTIVE": 11317,
        "INACTIVE": 147,
        "INVALID": 14967,
        "MALICIOUS": 0,
        "SANE": 0,
        "VALID": 0,
        "total": 26431
    },
    "percentage": {
        "ACTIVE": 42.8171465324808,
        "INACTIVE": 0.5564177296642567,
        "INVALID": 56.68674014316555,
        "MALICIOUS": 0,
        "SANE": 0,
        "VALID": 0,
        "total": 100.0603044053106
    }
}