{
    "counter": {
        "ACTIVE": 2,
        "INACTIVE": 0,
        "INVALID": 3737,
        "MALICIOUS": 0,
        "SANE": 0,
        "VALID": 0,
        "total": 3739
    },
    "percentage": {
        "ACTIVE": 8.333333333333334,
        "INACTIVE": 0,
        "INVALID": 99.94650976196844,
        "MALICIOUS": 0,
        "SANE": 0,
        "VALID": 0,
        "total": 108.27984309530177
    }
}