{
    "counter": {
        "ACTIVE": 2,
        "INACTIVE": 0,
        "INVALID": 3212,
        "MALICIOUS": 0,
        "SANE": 0,
        "VALID": 0,
        "total": 3214
    },
    "percentage": {
        "ACTIVE": 8.333333333333334,
        "INACTIVE": 0,
        "INVALID": 99.9377722464219,
        "MALICIOUS": 0,
        "SANE": 0,
        "VALID": 0,
        "total": 108.27110557975523
    }
}