{
    "counter": {
        "ACTIVE": 2,
        "INACTIVE": 0,
        "INVALID": 3699,
        "MALICIOUS": 0,
        "SANE": 0,
        "VALID": 0,
        "total": 3701
    },
    "percentage": {
        "ACTIVE": 8.333333333333334,
        "INACTIVE": 0,
        "INVALID": 99.94596055120238,
        "MALICIOUS": 0,
        "SANE": 0,
        "VALID": 0,
        "total": 108.2792938845357
    }
}