{
    "counter": {
        "ACTIVE": 2,
        "INACTIVE": 0,
        "INVALID": 3744,
        "MALICIOUS": 0,
        "SANE": 0,
        "VALID": 0,
        "total": 3746
    },
    "percentage": {
        "ACTIVE": 8.333333333333334,
        "INACTIVE": 0,
        "INVALID": 99.9466097170315,
        "MALICIOUS": 0,
        "SANE": 0,
        "VALID": 0,
        "total": 108.27994305036484
    }
}