{
    "counter": {
        "ACTIVE": 2,
        "INACTIVE": 0,
        "INVALID": 3288,
        "MALICIOUS": 0,
        "SANE": 0,
        "VALID": 0,
        "total": 3290
    },
    "percentage": {
        "ACTIVE": 8.333333333333334,
        "INACTIVE": 0,
        "INVALID": 99.93920972644376,
        "MALICIOUS": 0,
        "SANE": 0,
        "VALID": 0,
        "total": 108.27254305977709
    }
}