{
    "counter": {
        "ACTIVE": 4994,
        "INACTIVE": 24,
        "INVALID": 14902,
        "MALICIOUS": 0,
        "SANE": 0,
        "VALID": 0,
        "total": 19920
    },
    "percentage": {
        "ACTIVE": 25.070281124497992,
        "INACTIVE": 0.12193263222069807,
        "INVALID": 82.26785911449707,
        "MALICIOUS": 0,
        "SANE": 0,
        "VALID": 0,
        "total": 107.46007287121576
    }
}