{
    "counter": {
        "ACTIVE": 12049,
        "INACTIVE": 153,
        "INVALID": 14971,
        "MALICIOUS": 0,
        "SANE": 0,
        "VALID": 0,
        "total": 27173
    },
    "percentage": {
        "ACTIVE": 44.34180988481213,
        "INACTIVE": 0.563058918779671,
        "INVALID": 55.0951311964082,
        "MALICIOUS": 0.0,
        "SANE": 0.0,
        "VALID": 0.0,
        "total": 100.0
    }
}