{
    "counter": {
        "ACTIVE": 11677,
        "INACTIVE": 150,
        "INVALID": 14969,
        "MALICIOUS": 0,
        "SANE": 0,
        "VALID": 0,
        "total": 26796
    },
    "percentage": {
        "ACTIVE": 43.57739961188237,
        "INACTIVE": 0.5635072692437733,
        "INVALID": 56.36343098124859,
        "MALICIOUS": 0,
        "SANE": 0,
        "VALID": 0,
        "total": 100.50433786237474
    }
}