{
    "counter": {
        "ACTIVE": 2,
        "INACTIVE": 0,
        "INVALID": 3205,
        "MALICIOUS": 0,
        "SANE": 0,
        "VALID": 0,
        "total": 3207
    },
    "percentage": {
        "ACTIVE": 8.333333333333334,
        "INACTIVE": 0,
        "INVALID": 99.93763642033052,
        "MALICIOUS": 0,
        "SANE": 0,
        "VALID": 0,
        "total": 108.27096975366385
    }
}