{
    "counter": {
        "ACTIVE": 2,
        "INACTIVE": 0,
        "INVALID": 3795,
        "MALICIOUS": 0,
        "SANE": 0,
        "VALID": 0,
        "total": 3797
    },
    "percentage": {
        "ACTIVE": 8.333333333333334,
        "INACTIVE": 0,
        "INVALID": 99.94732683697656,
        "MALICIOUS": 0,
        "SANE": 0,
        "VALID": 0,
        "total": 108.28066017030989
    }
}