{
    "counter": {
        "ACTIVE": 2,
        "INACTIVE": 0,
        "INVALID": 3249,
        "MALICIOUS": 0,
        "SANE": 0,
        "VALID": 0,
        "total": 3251
    },
    "percentage": {
        "ACTIVE": 8.333333333333334,
        "INACTIVE": 0,
        "INVALID": 99.93848046754844,
        "MALICIOUS": 0,
        "SANE": 0,
        "VALID": 0,
        "total": 108.27181380088177
    }
}