{
    "counter": {
        "ACTIVE": 2,
        "INACTIVE": 0,
        "INVALID": 3460,
        "MALICIOUS": 0,
        "SANE": 0,
        "VALID": 0,
        "total": 3462
    },
    "percentage": {
        "ACTIVE": 8.333333333333334,
        "INACTIVE": 0,
        "INVALID": 99.9422299248989,
        "MALICIOUS": 0,
        "SANE": 0,
        "VALID": 0,
        "total": 108.27556325823222
    }
}