{
    "counter": {
        "ACTIVE": 2,
        "INACTIVE": 0,
        "INVALID": 2256,
        "MALICIOUS": 0,
        "SANE": 0,
        "VALID": 0,
        "total": 2258
    },
    "percentage": {
        "ACTIVE": 8.333333333333334,
        "INACTIVE": 0,
        "INVALID": 99.91142604074402,
        "MALICIOUS": 0,
        "SANE": 0,
        "VALID": 0,
        "total": 108.24475937407735
    }
}