{
    "counter": {
        "ACTIVE": 2,
        "INACTIVE": 0,
        "INVALID": 3547,
        "MALICIOUS": 0,
        "SANE": 0,
        "VALID": 0,
        "total": 3549
    },
    "percentage": {
        "ACTIVE": 8.333333333333334,
        "INACTIVE": 0,
        "INVALID": 99.94364609749225,
        "MALICIOUS": 0,
        "SANE": 0,
        "VALID": 0,
        "total": 108.27697943082558
    }
}