{
    "counter": {
        "ACTIVE": 11344,
        "INACTIVE": 148,
        "INVALID": 14968,
        "MALICIOUS": 0,
        "SANE": 0,
        "VALID": 0,
        "total": 26460
    },
    "percentage": {
        "ACTIVE": 42.872260015117156,
        "INACTIVE": 0.5597367724367459,
        "INVALID": 56.62190278040477,
        "MALICIOUS": 0,
        "SANE": 0,
        "VALID": 0,
        "total": 100.05389956795867
    }
}