{
    "counter": {
        "ACTIVE": 11869,
        "INACTIVE": 153,
        "INVALID": 14970,
        "MALICIOUS": 0,
        "SANE": 0,
        "VALID": 0,
        "total": 26992
    },
    "percentage": {
        "ACTIVE": 43.97228808535863,
        "INACTIVE": 0.5698748510131109,
        "INVALID": 55.51846906987094,
        "MALICIOUS": 0,
        "SANE": 0,
        "VALID": 0,
        "total": 100.06063200624268
    }
}