{
    "counter": {
        "ACTIVE": 2,
        "INACTIVE": 0,
        "INVALID": 3522,
        "MALICIOUS": 0,
        "SANE": 0,
        "VALID": 0,
        "total": 3524
    },
    "percentage": {
        "ACTIVE": 8.333333333333334,
        "INACTIVE": 0,
        "INVALID": 99.94324631101021,
        "MALICIOUS": 0,
        "SANE": 0,
        "VALID": 0,
        "total": 108.27657964434354
    }
}