{
    "counter": {
        "ACTIVE": 12056,
        "INACTIVE": 153,
        "INVALID": 14971,
        "MALICIOUS": 0,
        "SANE": 0,
        "VALID": 0,
        "total": 27180
    },
    "percentage": {
        "ACTIVE": 44.356144223693896,
        "INACTIVE": 0.5629139072847682,
        "INVALID": 55.08094186902134,
        "MALICIOUS": 0.0,
        "SANE": 0.0,
        "VALID": 0.0,
        "total": 100.0
    }
}