{
    "counter": {
        "ACTIVE": 11314,
        "INACTIVE": 147,
        "INVALID": 14967,
        "MALICIOUS": 0,
        "SANE": 0,
        "VALID": 0,
        "total": 26428
    },
    "percentage": {
        "ACTIVE": 42.81065536552142,
        "INACTIVE": 0.5564177296642567,
        "INVALID": 56.68674014316555,
        "MALICIOUS": 0,
        "SANE": 0,
        "VALID": 0,
        "total": 100.05381323835122
    }
}