{
    "counter": {
        "ACTIVE": 12051,
        "INACTIVE": 153,
        "INVALID": 14971,
        "MALICIOUS": 0,
        "SANE": 0,
        "VALID": 0,
        "total": 27175
    },
    "percentage": {
        "ACTIVE": 44.34590616375345,
        "INACTIVE": 0.563017479300828,
        "INVALID": 55.09107635694572,
        "MALICIOUS": 0.0,
        "SANE": 0.0,
        "VALID": 0.0,
        "total": 100.0
    }
}