{
    "counter": {
        "ACTIVE": 11793,
        "INACTIVE": 153,
        "INVALID": 14969,
        "MALICIOUS": 0,
        "SANE": 0,
        "VALID": 0,
        "total": 26915
    },
    "percentage": {
        "ACTIVE": 43.815716143414456,
        "INACTIVE": 0.5698748510131109,
        "INVALID": 56.36343098124859,
        "MALICIOUS": 0,
        "SANE": 0,
        "VALID": 0,
        "total": 100.74902197567616
    }
}