{
    "counter": {
        "ACTIVE": 11819,
        "INACTIVE": 153,
        "INVALID": 14969,
        "MALICIOUS": 0,
        "SANE": 0,
        "VALID": 0,
        "total": 26941
    },
    "percentage": {
        "ACTIVE": 43.869938012694405,
        "INACTIVE": 0.5698748510131109,
        "INVALID": 56.36343098124859,
        "MALICIOUS": 0,
        "SANE": 0,
        "VALID": 0,
        "total": 100.80324384495611
    }
}