{
    "counter": {
        "ACTIVE": 2,
        "INACTIVE": 0,
        "INVALID": 3700,
        "MALICIOUS": 0,
        "SANE": 0,
        "VALID": 0,
        "total": 3702
    },
    "percentage": {
        "ACTIVE": 8.333333333333334,
        "INACTIVE": 0,
        "INVALID": 99.94597514856834,
        "MALICIOUS": 0,
        "SANE": 0,
        "VALID": 0,
        "total": 108.27930848190167
    }
}