{
    "counter": {
        "ACTIVE": 2,
        "INACTIVE": 0,
        "INVALID": 3309,
        "MALICIOUS": 0,
        "SANE": 0,
        "VALID": 0,
        "total": 3311
    },
    "percentage": {
        "ACTIVE": 8.333333333333334,
        "INACTIVE": 0,
        "INVALID": 99.9395952884325,
        "MALICIOUS": 0,
        "SANE": 0,
        "VALID": 0,
        "total": 108.27292862176583
    }
}