{
    "counter": {
        "ACTIVE": 2,
        "INACTIVE": 0,
        "INVALID": 3479,
        "MALICIOUS": 0,
        "SANE": 0,
        "VALID": 0,
        "total": 3481
    },
    "percentage": {
        "ACTIVE": 8.333333333333334,
        "INACTIVE": 0,
        "INVALID": 99.94254524561907,
        "MALICIOUS": 0,
        "SANE": 0,
        "VALID": 0,
        "total": 108.2758785789524
    }
}