{
    "counter": {
        "ACTIVE": 2,
        "INACTIVE": 0,
        "INVALID": 412,
        "MALICIOUS": 0,
        "SANE": 0,
        "VALID": 0,
        "total": 414
    },
    "percentage": {
        "ACTIVE": 8.333333333333334,
        "INACTIVE": 0,
        "INVALID": 99.51690821256038,
        "MALICIOUS": 0,
        "SANE": 0,
        "VALID": 0,
        "total": 107.85024154589371
    }
}