{
    "counter": {
        "ACTIVE": 2,
        "INACTIVE": 0,
        "INVALID": 3672,
        "MALICIOUS": 0,
        "SANE": 0,
        "VALID": 0,
        "total": 3674
    },
    "percentage": {
        "ACTIVE": 8.333333333333334,
        "INACTIVE": 0,
        "INVALID": 99.94556341861731,
        "MALICIOUS": 0,
        "SANE": 0,
        "VALID": 0,
        "total": 108.27889675195064
    }
}