{
    "counter": {
        "ACTIVE": 11868,
        "INACTIVE": 153,
        "INVALID": 14970,
        "MALICIOUS": 0,
        "SANE": 0,
        "VALID": 0,
        "total": 26991
    },
    "percentage": {
        "ACTIVE": 43.97021229298655,
        "INACTIVE": 0.5698748510131109,
        "INVALID": 55.51846906987094,
        "MALICIOUS": 0,
        "SANE": 0,
        "VALID": 0,
        "total": 100.0585562138706
    }
}