{
    "counter": {
        "ACTIVE": 12138,
        "INACTIVE": 155,
        "INVALID": 14971,
        "MALICIOUS": 0,
        "SANE": 0,
        "VALID": 0,
        "total": 27264
    },
    "percentage": {
        "ACTIVE": 44.52024647887324,
        "INACTIVE": 0.5685152582159625,
        "INVALID": 54.9112382629108,
        "MALICIOUS": 0.0,
        "SANE": 0.0,
        "VALID": 0.0,
        "total": 100.0
    }
}