{
    "counter": {
        "ACTIVE": 12147,
        "INACTIVE": 155,
        "INVALID": 14971,
        "MALICIOUS": 0,
        "SANE": 0,
        "VALID": 0,
        "total": 27273
    },
    "percentage": {
        "ACTIVE": 44.53855461445386,
        "INACTIVE": 0.5683276500568327,
        "INVALID": 54.89311773548931,
        "MALICIOUS": 0.0,
        "SANE": 0.0,
        "VALID": 0.0,
        "total": 100.0
    }
}