{
    "counter": {
        "ACTIVE": 11318,
        "INACTIVE": 147,
        "INVALID": 14967,
        "MALICIOUS": 0,
        "SANE": 0,
        "VALID": 0,
        "total": 26432
    },
    "percentage": {
        "ACTIVE": 42.81930992736078,
        "INACTIVE": 0.5564177296642567,
        "INVALID": 56.68674014316555,
        "MALICIOUS": 0,
        "SANE": 0,
        "VALID": 0,
        "total": 100.06246780019057
    }
}