{
    "counter": {
        "ACTIVE": 2,
        "INACTIVE": 0,
        "INVALID": 3613,
        "MALICIOUS": 0,
        "SANE": 0,
        "VALID": 0,
        "total": 3615
    },
    "percentage": {
        "ACTIVE": 8.333333333333334,
        "INACTIVE": 0,
        "INVALID": 99.94467496542185,
        "MALICIOUS": 0,
        "SANE": 0,
        "VALID": 0,
        "total": 108.27800829875518
    }
}