{
    "counter": {
        "ACTIVE": 2,
        "INACTIVE": 0,
        "INVALID": 3688,
        "MALICIOUS": 0,
        "SANE": 0,
        "VALID": 0,
        "total": 3690
    },
    "percentage": {
        "ACTIVE": 8.333333333333334,
        "INACTIVE": 0,
        "INVALID": 99.94579945799458,
        "MALICIOUS": 0,
        "SANE": 0,
        "VALID": 0,
        "total": 108.27913279132791
    }
}