{
    "counter": {
        "ACTIVE": 2,
        "INACTIVE": 0,
        "INVALID": 3328,
        "MALICIOUS": 0,
        "SANE": 0,
        "VALID": 0,
        "total": 3330
    },
    "percentage": {
        "ACTIVE": 8.333333333333334,
        "INACTIVE": 0,
        "INVALID": 99.93993993993993,
        "MALICIOUS": 0,
        "SANE": 0,
        "VALID": 0,
        "total": 108.27327327327326
    }
}