{
    "counter": {
        "ACTIVE": 2,
        "INACTIVE": 0,
        "INVALID": 3251,
        "MALICIOUS": 0,
        "SANE": 0,
        "VALID": 0,
        "total": 3253
    },
    "percentage": {
        "ACTIVE": 8.333333333333334,
        "INACTIVE": 0,
        "INVALID": 99.93851829080849,
        "MALICIOUS": 0,
        "SANE": 0,
        "VALID": 0,
        "total": 108.27185162414182
    }
}