{
    "counter": {
        "ACTIVE": 2,
        "INACTIVE": 0,
        "INVALID": 3287,
        "MALICIOUS": 0,
        "SANE": 0,
        "VALID": 0,
        "total": 3289
    },
    "percentage": {
        "ACTIVE": 8.333333333333334,
        "INACTIVE": 0,
        "INVALID": 99.93919124353907,
        "MALICIOUS": 0,
        "SANE": 0,
        "VALID": 0,
        "total": 108.2725245768724
    }
}