{
    "counter": {
        "ACTIVE": 11325,
        "INACTIVE": 147,
        "INVALID": 14968,
        "MALICIOUS": 0,
        "SANE": 0,
        "VALID": 0,
        "total": 26440
    },
    "percentage": {
        "ACTIVE": 42.83282904689864,
        "INACTIVE": 0.5564177296642567,
        "INVALID": 56.62190278040477,
        "MALICIOUS": 0,
        "SANE": 0,
        "VALID": 0,
        "total": 100.01114955696767
    }
}