{
    "counter": {
        "ACTIVE": 2,
        "INACTIVE": 0,
        "INVALID": 3697,
        "MALICIOUS": 0,
        "SANE": 0,
        "VALID": 0,
        "total": 3699
    },
    "percentage": {
        "ACTIVE": 8.333333333333334,
        "INACTIVE": 0,
        "INVALID": 99.94593133279265,
        "MALICIOUS": 0,
        "SANE": 0,
        "VALID": 0,
        "total": 108.27926466612598
    }
}