{
    "counter": {
        "ACTIVE": 12127,
        "INACTIVE": 155,
        "INVALID": 14971,
        "MALICIOUS": 0,
        "SANE": 0,
        "VALID": 0,
        "total": 27253
    },
    "percentage": {
        "ACTIVE": 44.4978534473269,
        "INACTIVE": 0.5687447253513375,
        "INVALID": 54.93340182732176,
        "MALICIOUS": 0.0,
        "SANE": 0.0,
        "VALID": 0.0,
        "total": 100.0
    }
}