{
    "counter": {
        "ACTIVE": 11301,
        "INACTIVE": 146,
        "INVALID": 14967,
        "MALICIOUS": 0,
        "SANE": 0,
        "VALID": 0,
        "total": 26414
    },
    "percentage": {
        "ACTIVE": 42.784129628227454,
        "INACTIVE": 0.5528627688579218,
        "INVALID": 56.68674014316555,
        "MALICIOUS": 0,
        "SANE": 0,
        "VALID": 0,
        "total": 100.02373254025093
    }
}