{
    "counter": {
        "ACTIVE": 10499,
        "INACTIVE": 130,
        "INVALID": 14964,
        "MALICIOUS": 0,
        "SANE": 0,
        "VALID": 0,
        "total": 25593
    },
    "percentage": {
        "ACTIVE": 41.024538918412006,
        "INACTIVE": 0.5079513929590123,
        "INVALID": 59.76515696141865,
        "MALICIOUS": 0,
        "SANE": 0,
        "VALID": 0,
        "total": 101.29764727278967
    }
}