{
    "counter": {
        "ACTIVE": 12052,
        "INACTIVE": 153,
        "INVALID": 14971,
        "MALICIOUS": 0,
        "SANE": 0,
        "VALID": 0,
        "total": 27176
    },
    "percentage": {
        "ACTIVE": 44.34795407712688,
        "INACTIVE": 0.5629967618486901,
        "INVALID": 55.089049161024434,
        "MALICIOUS": 0.0,
        "SANE": 0.0,
        "VALID": 0.0,
        "total": 100.0
    }
}