{
    "counter": {
        "ACTIVE": 2,
        "INACTIVE": 0,
        "INVALID": 3446,
        "MALICIOUS": 0,
        "SANE": 0,
        "VALID": 0,
        "total": 3448
    },
    "percentage": {
        "ACTIVE": 8.333333333333334,
        "INACTIVE": 0,
        "INVALID": 99.94199535962878,
        "MALICIOUS": 0,
        "SANE": 0,
        "VALID": 0,
        "total": 108.2753286929621
    }
}