{
    "counter": {
        "ACTIVE": 2,
        "INACTIVE": 0,
        "INVALID": 3239,
        "MALICIOUS": 0,
        "SANE": 0,
        "VALID": 0,
        "total": 3241
    },
    "percentage": {
        "ACTIVE": 8.333333333333334,
        "INACTIVE": 0,
        "INVALID": 99.93829065103363,
        "MALICIOUS": 0,
        "SANE": 0,
        "VALID": 0,
        "total": 108.27162398436695
    }
}