{
    "counter": {
        "ACTIVE": 2,
        "INACTIVE": 0,
        "INVALID": 3363,
        "MALICIOUS": 0,
        "SANE": 0,
        "VALID": 0,
        "total": 3365
    },
    "percentage": {
        "ACTIVE": 8.333333333333334,
        "INACTIVE": 0,
        "INVALID": 99.9405646359584,
        "MALICIOUS": 0,
        "SANE": 0,
        "VALID": 0,
        "total": 108.27389796929172
    }
}