{
    "counter": {
        "ACTIVE": 2,
        "INACTIVE": 0,
        "INVALID": 3217,
        "MALICIOUS": 0,
        "SANE": 0,
        "VALID": 0,
        "total": 3219
    },
    "percentage": {
        "ACTIVE": 8.333333333333334,
        "INACTIVE": 0,
        "INVALID": 99.93786890338615,
        "MALICIOUS": 0,
        "SANE": 0,
        "VALID": 0,
        "total": 108.27120223671947
    }
}