{
    "counter": {
        "ACTIVE": 2,
        "INACTIVE": 0,
        "INVALID": 3598,
        "MALICIOUS": 0,
        "SANE": 0,
        "VALID": 0,
        "total": 3600
    },
    "percentage": {
        "ACTIVE": 8.333333333333334,
        "INACTIVE": 0,
        "INVALID": 99.94444444444444,
        "MALICIOUS": 0,
        "SANE": 0,
        "VALID": 0,
        "total": 108.27777777777777
    }
}