{
    "counter": {
        "ACTIVE": 2,
        "INACTIVE": 0,
        "INVALID": 3335,
        "MALICIOUS": 0,
        "SANE": 0,
        "VALID": 0,
        "total": 3337
    },
    "percentage": {
        "ACTIVE": 8.333333333333334,
        "INACTIVE": 0,
        "INVALID": 99.94006592747978,
        "MALICIOUS": 0,
        "SANE": 0,
        "VALID": 0,
        "total": 108.27339926081311
    }
}