{
    "counter": {
        "ACTIVE": 2,
        "INACTIVE": 0,
        "INVALID": 3872,
        "MALICIOUS": 0,
        "SANE": 0,
        "VALID": 0,
        "total": 3874
    },
    "percentage": {
        "ACTIVE": 8.333333333333334,
        "INACTIVE": 0,
        "INVALID": 99.94837377387712,
        "MALICIOUS": 0,
        "SANE": 0,
        "VALID": 0,
        "total": 108.28170710721045
    }
}