{
    "counter": {
        "ACTIVE": 2,
        "INACTIVE": 0,
        "INVALID": 3636,
        "MALICIOUS": 0,
        "SANE": 0,
        "VALID": 0,
        "total": 3638
    },
    "percentage": {
        "ACTIVE": 8.333333333333334,
        "INACTIVE": 0,
        "INVALID": 99.94502473886752,
        "MALICIOUS": 0,
        "SANE": 0,
        "VALID": 0,
        "total": 108.27835807220085
    }
}