{
    "counter": {
        "ACTIVE": 11380,
        "INACTIVE": 149,
        "INVALID": 14968,
        "MALICIOUS": 0,
        "SANE": 0,
        "VALID": 0,
        "total": 26497
    },
    "percentage": {
        "ACTIVE": 42.9482582933917,
        "INACTIVE": 0.5624551734551357,
        "INVALID": 56.62190278040477,
        "MALICIOUS": 0,
        "SANE": 0,
        "VALID": 0,
        "total": 100.1326162472516
    }
}