{
    "counter": {
        "ACTIVE": 11320,
        "INACTIVE": 147,
        "INVALID": 14967,
        "MALICIOUS": 0,
        "SANE": 0,
        "VALID": 0,
        "total": 26434
    },
    "percentage": {
        "ACTIVE": 42.82363622607248,
        "INACTIVE": 0.5564177296642567,
        "INVALID": 56.68674014316555,
        "MALICIOUS": 0,
        "SANE": 0,
        "VALID": 0,
        "total": 100.06679409890228
    }
}