{
    "counter": {
        "ACTIVE": 2,
        "INACTIVE": 0,
        "INVALID": 3784,
        "MALICIOUS": 0,
        "SANE": 0,
        "VALID": 0,
        "total": 3786
    },
    "percentage": {
        "ACTIVE": 8.333333333333334,
        "INACTIVE": 0,
        "INVALID": 99.9471737982039,
        "MALICIOUS": 0,
        "SANE": 0,
        "VALID": 0,
        "total": 108.28050713153723
    }
}