{
    "counter": {
        "ACTIVE": 2,
        "INACTIVE": 0,
        "INVALID": 3614,
        "MALICIOUS": 0,
        "SANE": 0,
        "VALID": 0,
        "total": 3616
    },
    "percentage": {
        "ACTIVE": 8.333333333333334,
        "INACTIVE": 0,
        "INVALID": 99.94469026548673,
        "MALICIOUS": 0,
        "SANE": 0,
        "VALID": 0,
        "total": 108.27802359882006
    }
}