{
    "counter": {
        "ACTIVE": 2,
        "INACTIVE": 0,
        "INVALID": 3545,
        "MALICIOUS": 0,
        "SANE": 0,
        "VALID": 0,
        "total": 3547
    },
    "percentage": {
        "ACTIVE": 8.333333333333334,
        "INACTIVE": 0,
        "INVALID": 99.94361432196222,
        "MALICIOUS": 0,
        "SANE": 0,
        "VALID": 0,
        "total": 108.27694765529554
    }
}