{
    "counter": {
        "ACTIVE": 2,
        "INACTIVE": 0,
        "INVALID": 3488,
        "MALICIOUS": 0,
        "SANE": 0,
        "VALID": 0,
        "total": 3490
    },
    "percentage": {
        "ACTIVE": 8.333333333333334,
        "INACTIVE": 0,
        "INVALID": 99.94269340974212,
        "MALICIOUS": 0,
        "SANE": 0,
        "VALID": 0,
        "total": 108.27602674307545
    }
}