{
    "counter": {
        "ACTIVE": 2,
        "INACTIVE": 0,
        "INVALID": 3348,
        "MALICIOUS": 0,
        "SANE": 0,
        "VALID": 0,
        "total": 3350
    },
    "percentage": {
        "ACTIVE": 8.333333333333334,
        "INACTIVE": 0,
        "INVALID": 99.94029850746269,
        "MALICIOUS": 0,
        "SANE": 0,
        "VALID": 0,
        "total": 108.27363184079601
    }
}