{
    "counter": {
        "ACTIVE": 2,
        "INACTIVE": 0,
        "INVALID": 3275,
        "MALICIOUS": 0,
        "SANE": 0,
        "VALID": 0,
        "total": 3277
    },
    "percentage": {
        "ACTIVE": 8.333333333333334,
        "INACTIVE": 0,
        "INVALID": 99.93896856881294,
        "MALICIOUS": 0,
        "SANE": 0,
        "VALID": 0,
        "total": 108.27230190214627
    }
}