{
    "counter": {
        "ACTIVE": 2,
        "INACTIVE": 0,
        "INVALID": 3516,
        "MALICIOUS": 0,
        "SANE": 0,
        "VALID": 0,
        "total": 3518
    },
    "percentage": {
        "ACTIVE": 8.333333333333334,
        "INACTIVE": 0,
        "INVALID": 99.94314951677089,
        "MALICIOUS": 0,
        "SANE": 0,
        "VALID": 0,
        "total": 108.27648285010422
    }
}