{
    "counter": {
        "ACTIVE": 2,
        "INACTIVE": 0,
        "INVALID": 3226,
        "MALICIOUS": 0,
        "SANE": 0,
        "VALID": 0,
        "total": 3228
    },
    "percentage": {
        "ACTIVE": 8.333333333333334,
        "INACTIVE": 0,
        "INVALID": 99.93804213135068,
        "MALICIOUS": 0,
        "SANE": 0,
        "VALID": 0,
        "total": 108.27137546468401
    }
}