{
    "counter": {
        "ACTIVE": 2,
        "INACTIVE": 0,
        "INVALID": 3281,
        "MALICIOUS": 0,
        "SANE": 0,
        "VALID": 0,
        "total": 3283
    },
    "percentage": {
        "ACTIVE": 8.333333333333334,
        "INACTIVE": 0,
        "INVALID": 99.9390801096558,
        "MALICIOUS": 0,
        "SANE": 0,
        "VALID": 0,
        "total": 108.27241344298913
    }
}