{
    "counter": {
        "ACTIVE": 11997,
        "INACTIVE": 153,
        "INVALID": 14971,
        "MALICIOUS": 0,
        "SANE": 0,
        "VALID": 0,
        "total": 27121
    },
    "percentage": {
        "ACTIVE": 44.235094576158694,
        "INACTIVE": 0.5698748510131109,
        "INVALID": 55.45225572264612,
        "MALICIOUS": 0,
        "SANE": 0,
        "VALID": 0,
        "total": 100.25722514981793
    }
}