{
    "counter": {
        "ACTIVE": 12041,
        "INACTIVE": 153,
        "INVALID": 14971,
        "MALICIOUS": 0,
        "SANE": 0,
        "VALID": 0,
        "total": 27165
    },
    "percentage": {
        "ACTIVE": 44.32541873734585,
        "INACTIVE": 0.5698748510131109,
        "INVALID": 55.45225572264612,
        "MALICIOUS": 0,
        "SANE": 0,
        "VALID": 0,
        "total": 100.34754931100508
    }
}