{
    "counter": {
        "ACTIVE": 2,
        "INACTIVE": 0,
        "INVALID": 3684,
        "MALICIOUS": 0,
        "SANE": 0,
        "VALID": 0,
        "total": 3686
    },
    "percentage": {
        "ACTIVE": 8.333333333333334,
        "INACTIVE": 0,
        "INVALID": 99.94574064026044,
        "MALICIOUS": 0,
        "SANE": 0,
        "VALID": 0,
        "total": 108.27907397359377
    }
}