{
    "counter": {
        "ACTIVE": 2,
        "INACTIVE": 0,
        "INVALID": 3282,
        "MALICIOUS": 0,
        "SANE": 0,
        "VALID": 0,
        "total": 3284
    },
    "percentage": {
        "ACTIVE": 8.333333333333334,
        "INACTIVE": 0,
        "INVALID": 99.93909866017053,
        "MALICIOUS": 0,
        "SANE": 0,
        "VALID": 0,
        "total": 108.27243199350386
    }
}