{
    "counter": {
        "ACTIVE": 2,
        "INACTIVE": 0,
        "INVALID": 3436,
        "MALICIOUS": 0,
        "SANE": 0,
        "VALID": 0,
        "total": 3438
    },
    "percentage": {
        "ACTIVE": 8.333333333333334,
        "INACTIVE": 0,
        "INVALID": 99.94182664339732,
        "MALICIOUS": 0,
        "SANE": 0,
        "VALID": 0,
        "total": 108.27515997673065
    }
}