{
    "counter": {
        "ACTIVE": 2,
        "INACTIVE": 0,
        "INVALID": 3310,
        "MALICIOUS": 0,
        "SANE": 0,
        "VALID": 0,
        "total": 3312
    },
    "percentage": {
        "ACTIVE": 8.333333333333334,
        "INACTIVE": 0,
        "INVALID": 99.93961352657004,
        "MALICIOUS": 0,
        "SANE": 0,
        "VALID": 0,
        "total": 108.27294685990337
    }
}