{
    "counter": {
        "ACTIVE": 11306,
        "INACTIVE": 147,
        "INVALID": 14967,
        "MALICIOUS": 0,
        "SANE": 0,
        "VALID": 0,
        "total": 26420
    },
    "percentage": {
        "ACTIVE": 42.79333838001514,
        "INACTIVE": 0.5564177296642567,
        "INVALID": 56.68674014316555,
        "MALICIOUS": 0,
        "SANE": 0,
        "VALID": 0,
        "total": 100.03649625284496
    }
}