{
    "counter": {
        "ACTIVE": 2,
        "INACTIVE": 0,
        "INVALID": 3673,
        "MALICIOUS": 0,
        "SANE": 0,
        "VALID": 0,
        "total": 3675
    },
    "percentage": {
        "ACTIVE": 8.333333333333334,
        "INACTIVE": 0,
        "INVALID": 99.94557823129252,
        "MALICIOUS": 0,
        "SANE": 0,
        "VALID": 0,
        "total": 108.27891156462584
    }
}