{
    "counter": {
        "ACTIVE": 2,
        "INACTIVE": 0,
        "INVALID": 3439,
        "MALICIOUS": 0,
        "SANE": 0,
        "VALID": 0,
        "total": 3441
    },
    "percentage": {
        "ACTIVE": 8.333333333333334,
        "INACTIVE": 0,
        "INVALID": 99.9418773612322,
        "MALICIOUS": 0,
        "SANE": 0,
        "VALID": 0,
        "total": 108.27521069456553
    }
}