{
    "counter": {
        "ACTIVE": 2,
        "INACTIVE": 0,
        "INVALID": 3255,
        "MALICIOUS": 0,
        "SANE": 0,
        "VALID": 0,
        "total": 3257
    },
    "percentage": {
        "ACTIVE": 8.333333333333334,
        "INACTIVE": 0,
        "INVALID": 99.9385937979736,
        "MALICIOUS": 0,
        "SANE": 0,
        "VALID": 0,
        "total": 108.27192713130692
    }
}