{
    "counter": {
        "ACTIVE": 2,
        "INACTIVE": 0,
        "INVALID": 3639,
        "MALICIOUS": 0,
        "SANE": 0,
        "VALID": 0,
        "total": 3641
    },
    "percentage": {
        "ACTIVE": 8.333333333333334,
        "INACTIVE": 0,
        "INVALID": 99.94507003570448,
        "MALICIOUS": 0,
        "SANE": 0,
        "VALID": 0,
        "total": 108.2784033690378
    }
}