{
    "counter": {
        "ACTIVE": 2,
        "INACTIVE": 0,
        "INVALID": 3506,
        "MALICIOUS": 0,
        "SANE": 0,
        "VALID": 0,
        "total": 3508
    },
    "percentage": {
        "ACTIVE": 8.333333333333334,
        "INACTIVE": 0,
        "INVALID": 99.94298745724059,
        "MALICIOUS": 0,
        "SANE": 0,
        "VALID": 0,
        "total": 108.27632079057392
    }
}