{
    "counter": {
        "ACTIVE": 9296,
        "INACTIVE": 100,
        "INVALID": 14953,
        "MALICIOUS": 0,
        "SANE": 0,
        "VALID": 0,
        "total": 24349
    },
    "percentage": {
        "ACTIVE": 38.17815926732104,
        "INACTIVE": 0.41186161449752884,
        "INVALID": 62.09975497321317,
        "MALICIOUS": 0,
        "SANE": 0,
        "VALID": 0,
        "total": 100.68977585503174
    }
}