{
    "counter": {
        "ACTIVE": 11533,
        "INACTIVE": 150,
        "INVALID": 14969,
        "MALICIOUS": 0,
        "SANE": 0,
        "VALID": 0,
        "total": 26652
    },
    "percentage": {
        "ACTIVE": 43.27254990244634,
        "INACTIVE": 0.5635072692437733,
        "INVALID": 56.36343098124859,
        "MALICIOUS": 0,
        "SANE": 0,
        "VALID": 0,
        "total": 100.1994881529387
    }
}