{
    "counter": {
        "ACTIVE": 2,
        "INACTIVE": 0,
        "INVALID": 3721,
        "MALICIOUS": 0,
        "SANE": 0,
        "VALID": 0,
        "total": 3723
    },
    "percentage": {
        "ACTIVE": 8.333333333333334,
        "INACTIVE": 0,
        "INVALID": 99.94627988181574,
        "MALICIOUS": 0,
        "SANE": 0,
        "VALID": 0,
        "total": 108.27961321514907
    }
}