{
    "counter": {
        "ACTIVE": 2,
        "INACTIVE": 0,
        "INVALID": 3274,
        "MALICIOUS": 0,
        "SANE": 0,
        "VALID": 0,
        "total": 3276
    },
    "percentage": {
        "ACTIVE": 8.333333333333334,
        "INACTIVE": 0,
        "INVALID": 99.93894993894993,
        "MALICIOUS": 0,
        "SANE": 0,
        "VALID": 0,
        "total": 108.27228327228326
    }
}