{
    "counter": {
        "ACTIVE": 10874,
        "INACTIVE": 139,
        "INVALID": 14964,
        "MALICIOUS": 0,
        "SANE": 0,
        "VALID": 0,
        "total": 25977
    },
    "percentage": {
        "ACTIVE": 41.860107017746465,
        "INACTIVE": 0.5364724044770359,
        "INVALID": 59.76515696141865,
        "MALICIOUS": 0,
        "SANE": 0,
        "VALID": 0,
        "total": 102.16173638364215
    }
}