{
    "counter": {
        "ACTIVE": 2,
        "INACTIVE": 0,
        "INVALID": 3227,
        "MALICIOUS": 0,
        "SANE": 0,
        "VALID": 0,
        "total": 3229
    },
    "percentage": {
        "ACTIVE": 8.333333333333334,
        "INACTIVE": 0,
        "INVALID": 99.9380613192939,
        "MALICIOUS": 0,
        "SANE": 0,
        "VALID": 0,
        "total": 108.27139465262722
    }
}