{
    "counter": {
        "ACTIVE": 11482,
        "INACTIVE": 149,
        "INVALID": 14969,
        "MALICIOUS": 0,
        "SANE": 0,
        "VALID": 0,
        "total": 26600
    },
    "percentage": {
        "ACTIVE": 43.16541353383459,
        "INACTIVE": 0.5624551734551357,
        "INVALID": 56.36343098124859,
        "MALICIOUS": 0,
        "SANE": 0,
        "VALID": 0,
        "total": 100.09129968853831
    }
}