{
    "counter": {
        "ACTIVE": 12125,
        "INACTIVE": 155,
        "INVALID": 14971,
        "MALICIOUS": 0,
        "SANE": 0,
        "VALID": 0,
        "total": 27251
    },
    "percentage": {
        "ACTIVE": 44.493780044769,
        "INACTIVE": 0.5687864665516862,
        "INVALID": 54.93743348867932,
        "MALICIOUS": 0.0,
        "SANE": 0.0,
        "VALID": 0.0,
        "total": 100.0
    }
}