{
    "counter": {
        "ACTIVE": 2,
        "INACTIVE": 0,
        "INVALID": 3772,
        "MALICIOUS": 0,
        "SANE": 0,
        "VALID": 0,
        "total": 3774
    },
    "percentage": {
        "ACTIVE": 8.333333333333334,
        "INACTIVE": 0,
        "INVALID": 99.94700582935877,
        "MALICIOUS": 0,
        "SANE": 0,
        "VALID": 0,
        "total": 108.2803391626921
    }
}