{
    "counter": {
        "ACTIVE": 2,
        "INACTIVE": 0,
        "INVALID": 3671,
        "MALICIOUS": 0,
        "SANE": 0,
        "VALID": 0,
        "total": 3673
    },
    "percentage": {
        "ACTIVE": 8.333333333333334,
        "INACTIVE": 0,
        "INVALID": 99.9455485978764,
        "MALICIOUS": 0,
        "SANE": 0,
        "VALID": 0,
        "total": 108.27888193120972
    }
}