{
    "counter": {
        "ACTIVE": 11237,
        "INACTIVE": 144,
        "INVALID": 14966,
        "MALICIOUS": 0,
        "SANE": 0,
        "VALID": 0,
        "total": 26347
    },
    "percentage": {
        "ACTIVE": 42.65001707974342,
        "INACTIVE": 0.5506271030896298,
        "INVALID": 57.063331681092,
        "MALICIOUS": 0,
        "SANE": 0,
        "VALID": 0,
        "total": 100.26397586392505
    }
}