{
    "counter": {
        "ACTIVE": 2,
        "INACTIVE": 0,
        "INVALID": 3641,
        "MALICIOUS": 0,
        "SANE": 0,
        "VALID": 0,
        "total": 3643
    },
    "percentage": {
        "ACTIVE": 8.333333333333334,
        "INACTIVE": 0,
        "INVALID": 99.94510019214933,
        "MALICIOUS": 0,
        "SANE": 0,
        "VALID": 0,
        "total": 108.27843352548265
    }
}