{
    "counter": {
        "ACTIVE": 12071,
        "INACTIVE": 153,
        "INVALID": 14971,
        "MALICIOUS": 0,
        "SANE": 0,
        "VALID": 0,
        "total": 27195
    },
    "percentage": {
        "ACTIVE": 44.386835815407245,
        "INACTIVE": 0.5626034197462769,
        "INVALID": 55.05056076484648,
        "MALICIOUS": 0.0,
        "SANE": 0.0,
        "VALID": 0.0,
        "total": 100.0
    }
}