{
    "counter": {
        "ACTIVE": 2,
        "INACTIVE": 0,
        "INVALID": 3656,
        "MALICIOUS": 0,
        "SANE": 0,
        "VALID": 0,
        "total": 3658
    },
    "percentage": {
        "ACTIVE": 8.333333333333334,
        "INACTIVE": 0,
        "INVALID": 99.94532531437945,
        "MALICIOUS": 0,
        "SANE": 0,
        "VALID": 0,
        "total": 108.27865864771277
    }
}