{
    "counter": {
        "ACTIVE": 2,
        "INACTIVE": 0,
        "INVALID": 3204,
        "MALICIOUS": 0,
        "SANE": 0,
        "VALID": 0,
        "total": 3206
    },
    "percentage": {
        "ACTIVE": 8.333333333333334,
        "INACTIVE": 0,
        "INVALID": 99.93761696818466,
        "MALICIOUS": 0,
        "SANE": 0,
        "VALID": 0,
        "total": 108.27095030151798
    }
}