{
    "counter": {
        "ACTIVE": 10120,
        "INACTIVE": 124,
        "INVALID": 14964,
        "MALICIOUS": 0,
        "SANE": 0,
        "VALID": 0,
        "total": 25208
    },
    "percentage": {
        "ACTIVE": 40.14598540145985,
        "INACTIVE": 0.49288496700850626,
        "INVALID": 59.76515696141865,
        "MALICIOUS": 0,
        "SANE": 0,
        "VALID": 0,
        "total": 100.40402732988701
    }
}