{
    "counter": {
        "ACTIVE": 11785,
        "INACTIVE": 153,
        "INVALID": 14969,
        "MALICIOUS": 0,
        "SANE": 0,
        "VALID": 0,
        "total": 26907
    },
    "percentage": {
        "ACTIVE": 43.79901140967035,
        "INACTIVE": 0.5698748510131109,
        "INVALID": 56.36343098124859,
        "MALICIOUS": 0,
        "SANE": 0,
        "VALID": 0,
        "total": 100.73231724193205
    }
}