{
    "counter": {
        "ACTIVE": 12059,
        "INACTIVE": 153,
        "INVALID": 14971,
        "MALICIOUS": 0,
        "SANE": 0,
        "VALID": 0,
        "total": 27183
    },
    "percentage": {
        "ACTIVE": 44.36228525181179,
        "INACTIVE": 0.5628517823639775,
        "INVALID": 55.07486296582423,
        "MALICIOUS": 0.0,
        "SANE": 0.0,
        "VALID": 0.0,
        "total": 100.0
    }
}