{
    "counter": {
        "ACTIVE": 12076,
        "INACTIVE": 153,
        "INVALID": 14971,
        "MALICIOUS": 0,
        "SANE": 0,
        "VALID": 0,
        "total": 27200
    },
    "percentage": {
        "ACTIVE": 44.39705882352941,
        "INACTIVE": 0.5625,
        "INVALID": 55.04044117647059,
        "MALICIOUS": 0.0,
        "SANE": 0.0,
        "VALID": 0.0,
        "total": 100.0
    }
}