{
    "counter": {
        "ACTIVE": 2,
        "INACTIVE": 0,
        "INVALID": 3489,
        "MALICIOUS": 0,
        "SANE": 0,
        "VALID": 0,
        "total": 3491
    },
    "percentage": {
        "ACTIVE": 8.333333333333334,
        "INACTIVE": 0,
        "INVALID": 99.94270982526497,
        "MALICIOUS": 0,
        "SANE": 0,
        "VALID": 0,
        "total": 108.2760431585983
    }
}