{
    "counter": {
        "ACTIVE": 3638,
        "INACTIVE": 15,
        "INVALID": 14902,
        "MALICIOUS": 0,
        "SANE": 0,
        "VALID": 0,
        "total": 18555
    },
    "percentage": {
        "ACTIVE": 19.6065750471571,
        "INACTIVE": 0.08133608068539204,
        "INVALID": 82.26785911449707,
        "MALICIOUS": 0,
        "SANE": 0,
        "VALID": 0,
        "total": 101.95577024233957
    }
}