{
    "counter": {
        "ACTIVE": 9852,
        "INACTIVE": 103,
        "INVALID": 14961,
        "MALICIOUS": 0,
        "SANE": 0,
        "VALID": 0,
        "total": 24916
    },
    "percentage": {
        "ACTIVE": 39.540857280462355,
        "INACTIVE": 0.41392059154476774,
        "INVALID": 60.29986699447826,
        "MALICIOUS": 0,
        "SANE": 0,
        "VALID": 0,
        "total": 100.25464486648538
    }
}