{
    "counter": {
        "ACTIVE": 6729,
        "INACTIVE": 44,
        "INVALID": 14928,
        "MALICIOUS": 0,
        "SANE": 0,
        "VALID": 0,
        "total": 21701
    },
    "percentage": {
        "ACTIVE": 31.00778765955486,
        "INACTIVE": 0.20277432139729942,
        "INVALID": 69.11431084772443,
        "MALICIOUS": 0,
        "SANE": 0,
        "VALID": 0,
        "total": 100.32487282867659
    }
}