{
    "counter": {
        "ACTIVE": 2,
        "INACTIVE": 0,
        "INVALID": 3490,
        "MALICIOUS": 0,
        "SANE": 0,
        "VALID": 0,
        "total": 3492
    },
    "percentage": {
        "ACTIVE": 8.333333333333334,
        "INACTIVE": 0,
        "INVALID": 99.94272623138602,
        "MALICIOUS": 0,
        "SANE": 0,
        "VALID": 0,
        "total": 108.27605956471935
    }
}