{
    "counter": {
        "ACTIVE": 7302,
        "INACTIVE": 55,
        "INVALID": 14934,
        "MALICIOUS": 0,
        "SANE": 0,
        "VALID": 0,
        "total": 22291
    },
    "percentage": {
        "ACTIVE": 32.757615181014756,
        "INACTIVE": 0.2483742774566474,
        "INVALID": 67.05280172413794,
        "MALICIOUS": 0,
        "SANE": 0,
        "VALID": 0,
        "total": 100.05879118260934
    }
}