{
    "counter": {
        "ACTIVE": 2,
        "INACTIVE": 0,
        "INVALID": 3430,
        "MALICIOUS": 0,
        "SANE": 0,
        "VALID": 0,
        "total": 3432
    },
    "percentage": {
        "ACTIVE": 8.333333333333334,
        "INACTIVE": 0,
        "INVALID": 99.94172494172494,
        "MALICIOUS": 0,
        "SANE": 0,
        "VALID": 0,
        "total": 108.27505827505827
    }
}