{
    "counter": {
        "ACTIVE": 12142,
        "INACTIVE": 155,
        "INVALID": 14971,
        "MALICIOUS": 0,
        "SANE": 0,
        "VALID": 0,
        "total": 27268
    },
    "percentage": {
        "ACTIVE": 44.52838492005281,
        "INACTIVE": 0.5684318615226639,
        "INVALID": 54.90318321842453,
        "MALICIOUS": 0.0,
        "SANE": 0.0,
        "VALID": 0.0,
        "total": 100.0
    }
}