{
    "counter": {
        "ACTIVE": 2,
        "INACTIVE": 0,
        "INVALID": 3158,
        "MALICIOUS": 0,
        "SANE": 0,
        "VALID": 0,
        "total": 3160
    },
    "percentage": {
        "ACTIVE": 8.333333333333334,
        "INACTIVE": 0,
        "INVALID": 99.9367088607595,
        "MALICIOUS": 0,
        "SANE": 0,
        "VALID": 0,
        "total": 108.27004219409282
    }
}