{
    "counter": {
        "ACTIVE": 12102,
        "INACTIVE": 154,
        "INVALID": 14971,
        "MALICIOUS": 0,
        "SANE": 0,
        "VALID": 0,
        "total": 27227
    },
    "percentage": {
        "ACTIVE": 44.44852536085504,
        "INACTIVE": 0.5656150145076578,
        "INVALID": 54.98585962463731,
        "MALICIOUS": 0.0,
        "SANE": 0.0,
        "VALID": 0.0,
        "total": 100.0
    }
}