{
    "counter": {
        "ACTIVE": 10026,
        "INACTIVE": 113,
        "INVALID": 14964,
        "MALICIOUS": 0,
        "SANE": 0,
        "VALID": 0,
        "total": 25103
    },
    "percentage": {
        "ACTIVE": 39.93944946819105,
        "INACTIVE": 0.4503247917745985,
        "INVALID": 59.76515696141865,
        "MALICIOUS": 0,
        "SANE": 0,
        "VALID": 0,
        "total": 100.15493122138429
    }
}