{
    "counter": {
        "ACTIVE": 2,
        "INACTIVE": 0,
        "INVALID": 3507,
        "MALICIOUS": 0,
        "SANE": 0,
        "VALID": 0,
        "total": 3509
    },
    "percentage": {
        "ACTIVE": 8.333333333333334,
        "INACTIVE": 0,
        "INVALID": 99.94300370475919,
        "MALICIOUS": 0,
        "SANE": 0,
        "VALID": 0,
        "total": 108.27633703809252
    }
}