{
    "counter": {
        "ACTIVE": 2,
        "INACTIVE": 0,
        "INVALID": 3650,
        "MALICIOUS": 0,
        "SANE": 0,
        "VALID": 0,
        "total": 3652
    },
    "percentage": {
        "ACTIVE": 8.333333333333334,
        "INACTIVE": 0,
        "INVALID": 99.94523548740416,
        "MALICIOUS": 0,
        "SANE": 0,
        "VALID": 0,
        "total": 108.27856882073749
    }
}