{
    "counter": {
        "ACTIVE": 10627,
        "INACTIVE": 135,
        "INVALID": 14964,
        "MALICIOUS": 0,
        "SANE": 0,
        "VALID": 0,
        "total": 25726
    },
    "percentage": {
        "ACTIVE": 41.30840394931198,
        "INACTIVE": 0.5248833592534993,
        "INVALID": 59.76515696141865,
        "MALICIOUS": 0,
        "SANE": 0,
        "VALID": 0,
        "total": 101.59844426998413
    }
}