{
    "counter": {
        "ACTIVE": 2,
        "INACTIVE": 0,
        "INVALID": 3504,
        "MALICIOUS": 0,
        "SANE": 0,
        "VALID": 0,
        "total": 3506
    },
    "percentage": {
        "ACTIVE": 8.333333333333334,
        "INACTIVE": 0,
        "INVALID": 99.94295493439817,
        "MALICIOUS": 0,
        "SANE": 0,
        "VALID": 0,
        "total": 108.2762882677315
    }
}