{
    "counter": {
        "ACTIVE": 12050,
        "INACTIVE": 153,
        "INVALID": 14971,
        "MALICIOUS": 0,
        "SANE": 0,
        "VALID": 0,
        "total": 27174
    },
    "percentage": {
        "ACTIVE": 44.34385809965408,
        "INACTIVE": 0.5630381982777655,
        "INVALID": 55.093103702068156,
        "MALICIOUS": 0.0,
        "SANE": 0.0,
        "VALID": 0.0,
        "total": 100.0
    }
}