{
    "counter": {
        "ACTIVE": 2,
        "INACTIVE": 0,
        "INVALID": 3387,
        "MALICIOUS": 0,
        "SANE": 0,
        "VALID": 0,
        "total": 3389
    },
    "percentage": {
        "ACTIVE": 8.333333333333334,
        "INACTIVE": 0,
        "INVALID": 99.94098554145766,
        "MALICIOUS": 0,
        "SANE": 0,
        "VALID": 0,
        "total": 108.27431887479099
    }
}