{
    "counter": {
        "ACTIVE": 2,
        "INACTIVE": 0,
        "INVALID": 3704,
        "MALICIOUS": 0,
        "SANE": 0,
        "VALID": 0,
        "total": 3706
    },
    "percentage": {
        "ACTIVE": 8.333333333333334,
        "INACTIVE": 0,
        "INVALID": 99.94603345925526,
        "MALICIOUS": 0,
        "SANE": 0,
        "VALID": 0,
        "total": 108.27936679258859
    }
}