{
    "counter": {
        "ACTIVE": 2,
        "INACTIVE": 0,
        "INVALID": 3206,
        "MALICIOUS": 0,
        "SANE": 0,
        "VALID": 0,
        "total": 3208
    },
    "percentage": {
        "ACTIVE": 8.333333333333334,
        "INACTIVE": 0,
        "INVALID": 99.93765586034912,
        "MALICIOUS": 0,
        "SANE": 0,
        "VALID": 0,
        "total": 108.27098919368245
    }
}