{
    "counter": {
        "ACTIVE": 9845,
        "INACTIVE": 103,
        "INVALID": 14961,
        "MALICIOUS": 0,
        "SANE": 0,
        "VALID": 0,
        "total": 24909
    },
    "percentage": {
        "ACTIVE": 39.523866875426556,
        "INACTIVE": 0.41392059154476774,
        "INVALID": 60.29986699447826,
        "MALICIOUS": 0,
        "SANE": 0,
        "VALID": 0,
        "total": 100.23765446144958
    }
}