{
    "counter": {
        "ACTIVE": 2,
        "INACTIVE": 0,
        "INVALID": 3229,
        "MALICIOUS": 0,
        "SANE": 0,
        "VALID": 0,
        "total": 3231
    },
    "percentage": {
        "ACTIVE": 8.333333333333334,
        "INACTIVE": 0,
        "INVALID": 99.93809965954813,
        "MALICIOUS": 0,
        "SANE": 0,
        "VALID": 0,
        "total": 108.27143299288146
    }
}