{
    "counter": {
        "ACTIVE": 2,
        "INACTIVE": 0,
        "INVALID": 3494,
        "MALICIOUS": 0,
        "SANE": 0,
        "VALID": 0,
        "total": 3496
    },
    "percentage": {
        "ACTIVE": 8.333333333333334,
        "INACTIVE": 0,
        "INVALID": 99.94279176201373,
        "MALICIOUS": 0,
        "SANE": 0,
        "VALID": 0,
        "total": 108.27612509534706
    }
}