{
    "counter": {
        "ACTIVE": 2,
        "INACTIVE": 0,
        "INVALID": 3723,
        "MALICIOUS": 0,
        "SANE": 0,
        "VALID": 0,
        "total": 3725
    },
    "percentage": {
        "ACTIVE": 8.333333333333334,
        "INACTIVE": 0,
        "INVALID": 99.94630872483222,
        "MALICIOUS": 0,
        "SANE": 0,
        "VALID": 0,
        "total": 108.27964205816555
    }
}