{
    "counter": {
        "ACTIVE": 12072,
        "INACTIVE": 153,
        "INVALID": 14971,
        "MALICIOUS": 0,
        "SANE": 0,
        "VALID": 0,
        "total": 27196
    },
    "percentage": {
        "ACTIVE": 44.38888071775261,
        "INACTIVE": 0.5625827327548168,
        "INVALID": 55.048536549492574,
        "MALICIOUS": 0.0,
        "SANE": 0.0,
        "VALID": 0.0,
        "total": 100.0
    }
}