{
    "counter": {
        "ACTIVE": 2,
        "INACTIVE": 0,
        "INVALID": 3269,
        "MALICIOUS": 0,
        "SANE": 0,
        "VALID": 0,
        "total": 3271
    },
    "percentage": {
        "ACTIVE": 8.333333333333334,
        "INACTIVE": 0,
        "INVALID": 99.93885661877101,
        "MALICIOUS": 0,
        "SANE": 0,
        "VALID": 0,
        "total": 108.27218995210434
    }
}