{
    "counter": {
        "ACTIVE": 10991,
        "INACTIVE": 141,
        "INVALID": 14964,
        "MALICIOUS": 0,
        "SANE": 0,
        "VALID": 0,
        "total": 26096
    },
    "percentage": {
        "ACTIVE": 42.117565910484366,
        "INACTIVE": 0.5405405405405406,
        "INVALID": 59.76515696141865,
        "MALICIOUS": 0,
        "SANE": 0,
        "VALID": 0,
        "total": 102.42326341244356
    }
}