{
    "counter": {
        "ACTIVE": 2,
        "INACTIVE": 0,
        "INVALID": 3920,
        "MALICIOUS": 0,
        "SANE": 0,
        "VALID": 0,
        "total": 3922
    },
    "percentage": {
        "ACTIVE": 8.333333333333334,
        "INACTIVE": 0,
        "INVALID": 99.94900560938297,
        "MALICIOUS": 0,
        "SANE": 0,
        "VALID": 0,
        "total": 108.2823389427163
    }
}