{
    "counter": {
        "ACTIVE": 11342,
        "INACTIVE": 148,
        "INVALID": 14968,
        "MALICIOUS": 0,
        "SANE": 0,
        "VALID": 0,
        "total": 26458
    },
    "percentage": {
        "ACTIVE": 42.86794164335929,
        "INACTIVE": 0.5597367724367459,
        "INVALID": 56.62190278040477,
        "MALICIOUS": 0,
        "SANE": 0,
        "VALID": 0,
        "total": 100.04958119620079
    }
}