{
    "counter": {
        "ACTIVE": 2,
        "INACTIVE": 0,
        "INVALID": 3529,
        "MALICIOUS": 0,
        "SANE": 0,
        "VALID": 0,
        "total": 3531
    },
    "percentage": {
        "ACTIVE": 8.333333333333334,
        "INACTIVE": 0,
        "INVALID": 99.9433588218635,
        "MALICIOUS": 0,
        "SANE": 0,
        "VALID": 0,
        "total": 108.27669215519683
    }
}