{
    "counter": {
        "ACTIVE": 2,
        "INACTIVE": 0,
        "INVALID": 3347,
        "MALICIOUS": 0,
        "SANE": 0,
        "VALID": 0,
        "total": 3349
    },
    "percentage": {
        "ACTIVE": 8.333333333333334,
        "INACTIVE": 0,
        "INVALID": 99.94028068080024,
        "MALICIOUS": 0,
        "SANE": 0,
        "VALID": 0,
        "total": 108.27361401413357
    }
}