{
    "counter": {
        "ACTIVE": 2,
        "INACTIVE": 0,
        "INVALID": 3397,
        "MALICIOUS": 0,
        "SANE": 0,
        "VALID": 0,
        "total": 3399
    },
    "percentage": {
        "ACTIVE": 8.333333333333334,
        "INACTIVE": 0,
        "INVALID": 99.94115916446013,
        "MALICIOUS": 0,
        "SANE": 0,
        "VALID": 0,
        "total": 108.27449249779346
    }
}