{
    "counter": {
        "ACTIVE": 2,
        "INACTIVE": 0,
        "INVALID": 3423,
        "MALICIOUS": 0,
        "SANE": 0,
        "VALID": 0,
        "total": 3425
    },
    "percentage": {
        "ACTIVE": 8.333333333333334,
        "INACTIVE": 0,
        "INVALID": 99.94160583941606,
        "MALICIOUS": 0,
        "SANE": 0,
        "VALID": 0,
        "total": 108.27493917274938
    }
}