{
    "counter": {
        "ACTIVE": 2,
        "INACTIVE": 0,
        "INVALID": 3918,
        "MALICIOUS": 0,
        "SANE": 0,
        "VALID": 0,
        "total": 3920
    },
    "percentage": {
        "ACTIVE": 8.333333333333334,
        "INACTIVE": 0,
        "INVALID": 99.94897959183673,
        "MALICIOUS": 0,
        "SANE": 0,
        "VALID": 0,
        "total": 108.28231292517006
    }
}