{
    "counter": {
        "ACTIVE": 11246,
        "INACTIVE": 145,
        "INVALID": 14966,
        "MALICIOUS": 0,
        "SANE": 0,
        "VALID": 0,
        "total": 26357
    },
    "percentage": {
        "ACTIVE": 42.66798194028152,
        "INACTIVE": 0.5501802314551318,
        "INVALID": 57.063331681092,
        "MALICIOUS": 0,
        "SANE": 0,
        "VALID": 0,
        "total": 100.28149385282865
    }
}