{
    "counter": {
        "ACTIVE": 9417,
        "INACTIVE": 100,
        "INVALID": 14954,
        "MALICIOUS": 0,
        "SANE": 0,
        "VALID": 0,
        "total": 24471
    },
    "percentage": {
        "ACTIVE": 38.482285153855585,
        "INACTIVE": 0.41186161449752884,
        "INVALID": 61.31704116778744,
        "MALICIOUS": 0,
        "SANE": 0,
        "VALID": 0,
        "total": 100.21118793614056
    }
}