{
    "counter": {
        "ACTIVE": 2,
        "INACTIVE": 0,
        "INVALID": 3384,
        "MALICIOUS": 0,
        "SANE": 0,
        "VALID": 0,
        "total": 3386
    },
    "percentage": {
        "ACTIVE": 8.333333333333334,
        "INACTIVE": 0,
        "INVALID": 99.94093325457767,
        "MALICIOUS": 0,
        "SANE": 0,
        "VALID": 0,
        "total": 108.274266587911
    }
}