{
    "counter": {
        "ACTIVE": 12070,
        "INACTIVE": 153,
        "INVALID": 14971,
        "MALICIOUS": 0,
        "SANE": 0,
        "VALID": 0,
        "total": 27194
    },
    "percentage": {
        "ACTIVE": 44.38479076266824,
        "INACTIVE": 0.5626241082591749,
        "INVALID": 55.05258512907259,
        "MALICIOUS": 0.0,
        "SANE": 0.0,
        "VALID": 0.0,
        "total": 100.0
    }
}