{
    "counter": {
        "ACTIVE": 2,
        "INACTIVE": 0,
        "INVALID": 3870,
        "MALICIOUS": 0,
        "SANE": 0,
        "VALID": 0,
        "total": 3872
    },
    "percentage": {
        "ACTIVE": 8.333333333333334,
        "INACTIVE": 0,
        "INVALID": 99.94834710743801,
        "MALICIOUS": 0,
        "SANE": 0,
        "VALID": 0,
        "total": 108.28168044077134
    }
}