{
    "counter": {
        "ACTIVE": 11399,
        "INACTIVE": 149,
        "INVALID": 14968,
        "MALICIOUS": 0,
        "SANE": 0,
        "VALID": 0,
        "total": 26516
    },
    "percentage": {
        "ACTIVE": 42.989138633278024,
        "INACTIVE": 0.5624551734551357,
        "INVALID": 56.62190278040477,
        "MALICIOUS": 0,
        "SANE": 0,
        "VALID": 0,
        "total": 100.17349658713792
    }
}