{
    "counter": {
        "ACTIVE": 2,
        "INACTIVE": 0,
        "INVALID": 3535,
        "MALICIOUS": 0,
        "SANE": 0,
        "VALID": 0,
        "total": 3537
    },
    "percentage": {
        "ACTIVE": 8.333333333333334,
        "INACTIVE": 0,
        "INVALID": 99.94345490528697,
        "MALICIOUS": 0,
        "SANE": 0,
        "VALID": 0,
        "total": 108.2767882386203
    }
}