{
    "counter": {
        "ACTIVE": 2,
        "INACTIVE": 0,
        "INVALID": 3669,
        "MALICIOUS": 0,
        "SANE": 0,
        "VALID": 0,
        "total": 3671
    },
    "percentage": {
        "ACTIVE": 8.333333333333334,
        "INACTIVE": 0,
        "INVALID": 99.94551893217107,
        "MALICIOUS": 0,
        "SANE": 0,
        "VALID": 0,
        "total": 108.2788522655044
    }
}