{
    "counter": {
        "ACTIVE": 2,
        "INACTIVE": 0,
        "INVALID": 3869,
        "MALICIOUS": 0,
        "SANE": 0,
        "VALID": 0,
        "total": 3871
    },
    "percentage": {
        "ACTIVE": 8.333333333333334,
        "INACTIVE": 0,
        "INVALID": 99.9483337638853,
        "MALICIOUS": 0,
        "SANE": 0,
        "VALID": 0,
        "total": 108.28166709721863
    }
}