{
    "counter": {
        "ACTIVE": 12081,
        "INACTIVE": 154,
        "INVALID": 14971,
        "MALICIOUS": 0,
        "SANE": 0,
        "VALID": 0,
        "total": 27206
    },
    "percentage": {
        "ACTIVE": 44.40564581342351,
        "INACTIVE": 0.5660516062633243,
        "INVALID": 55.02830258031317,
        "MALICIOUS": 0.0,
        "SANE": 0.0,
        "VALID": 0.0,
        "total": 100.0
    }
}