{
    "counter": {
        "ACTIVE": 2,
        "INACTIVE": 0,
        "INVALID": 3511,
        "MALICIOUS": 0,
        "SANE": 0,
        "VALID": 0,
        "total": 3513
    },
    "percentage": {
        "ACTIVE": 8.333333333333334,
        "INACTIVE": 0,
        "INVALID": 99.9430686023342,
        "MALICIOUS": 0,
        "SANE": 0,
        "VALID": 0,
        "total": 108.27640193566752
    }
}