{
    "counter": {
        "ACTIVE": 2,
        "INACTIVE": 0,
        "INVALID": 3633,
        "MALICIOUS": 0,
        "SANE": 0,
        "VALID": 0,
        "total": 3635
    },
    "percentage": {
        "ACTIVE": 8.333333333333334,
        "INACTIVE": 0,
        "INVALID": 99.94497936726272,
        "MALICIOUS": 0,
        "SANE": 0,
        "VALID": 0,
        "total": 108.27831270059605
    }
}