{
    "counter": {
        "ACTIVE": 2,
        "INACTIVE": 0,
        "INVALID": 3542,
        "MALICIOUS": 0,
        "SANE": 0,
        "VALID": 0,
        "total": 3544
    },
    "percentage": {
        "ACTIVE": 8.333333333333334,
        "INACTIVE": 0,
        "INVALID": 99.94356659142213,
        "MALICIOUS": 0,
        "SANE": 0,
        "VALID": 0,
        "total": 108.27689992475545
    }
}