{
    "counter": {
        "ACTIVE": 2,
        "INACTIVE": 0,
        "INVALID": 3653,
        "MALICIOUS": 0,
        "SANE": 0,
        "VALID": 0,
        "total": 3655
    },
    "percentage": {
        "ACTIVE": 8.333333333333334,
        "INACTIVE": 0,
        "INVALID": 99.9452804377565,
        "MALICIOUS": 0,
        "SANE": 0,
        "VALID": 0,
        "total": 108.27861377108982
    }
}