{
    "counter": {
        "ACTIVE": 11676,
        "INACTIVE": 150,
        "INVALID": 14969,
        "MALICIOUS": 0,
        "SANE": 0,
        "VALID": 0,
        "total": 26795
    },
    "percentage": {
        "ACTIVE": 43.57529389811532,
        "INACTIVE": 0.5635072692437733,
        "INVALID": 56.36343098124859,
        "MALICIOUS": 0,
        "SANE": 0,
        "VALID": 0,
        "total": 100.50223214860767
    }
}