{
    "counter": {
        "ACTIVE": 12093,
        "INACTIVE": 154,
        "INVALID": 14971,
        "MALICIOUS": 0,
        "SANE": 0,
        "VALID": 0,
        "total": 27218
    },
    "percentage": {
        "ACTIVE": 44.43015651407157,
        "INACTIVE": 0.5658020427658167,
        "INVALID": 55.00404144316261,
        "MALICIOUS": 0.0,
        "SANE": 0.0,
        "VALID": 0.0,
        "total": 100.0
    }
}