{
    "counter": {
        "ACTIVE": 11296,
        "INACTIVE": 146,
        "INVALID": 14967,
        "MALICIOUS": 0,
        "SANE": 0,
        "VALID": 0,
        "total": 26409
    },
    "percentage": {
        "ACTIVE": 42.77329698208944,
        "INACTIVE": 0.5528627688579218,
        "INVALID": 56.68674014316555,
        "MALICIOUS": 0,
        "SANE": 0,
        "VALID": 0,
        "total": 100.0128998941129
    }
}