{
    "counter": {
        "ACTIVE": 10025,
        "INACTIVE": 113,
        "INVALID": 14964,
        "MALICIOUS": 0,
        "SANE": 0,
        "VALID": 0,
        "total": 25102
    },
    "percentage": {
        "ACTIVE": 39.93705680822245,
        "INACTIVE": 0.4503247917745985,
        "INVALID": 59.76515696141865,
        "MALICIOUS": 0,
        "SANE": 0,
        "VALID": 0,
        "total": 100.1525385614157
    }
}