{
    "counter": {
        "ACTIVE": 6443,
        "INACTIVE": 40,
        "INVALID": 14925,
        "MALICIOUS": 0,
        "SANE": 0,
        "VALID": 0,
        "total": 21408
    },
    "percentage": {
        "ACTIVE": 30.09622571001495,
        "INACTIVE": 0.18759086432490737,
        "INVALID": 69.827828202489,
        "MALICIOUS": 0,
        "SANE": 0,
        "VALID": 0,
        "total": 100.11164477682885
    }
}