{
    "counter": {
        "ACTIVE": 12098,
        "INACTIVE": 154,
        "INVALID": 14971,
        "MALICIOUS": 0,
        "SANE": 0,
        "VALID": 0,
        "total": 27223
    },
    "percentage": {
        "ACTIVE": 44.440362928406124,
        "INACTIVE": 0.5656981229107739,
        "INVALID": 54.9939389486831,
        "MALICIOUS": 0.0,
        "SANE": 0.0,
        "VALID": 0.0,
        "total": 100.0
    }
}