{
    "counter": {
        "ACTIVE": 11393,
        "INACTIVE": 149,
        "INVALID": 14968,
        "MALICIOUS": 0,
        "SANE": 0,
        "VALID": 0,
        "total": 26510
    },
    "percentage": {
        "ACTIVE": 42.976235382874385,
        "INACTIVE": 0.5624551734551357,
        "INVALID": 56.62190278040477,
        "MALICIOUS": 0,
        "SANE": 0,
        "VALID": 0,
        "total": 100.16059333673428
    }
}