{
    "counter": {
        "ACTIVE": 2,
        "INACTIVE": 0,
        "INVALID": 3466,
        "MALICIOUS": 0,
        "SANE": 0,
        "VALID": 0,
        "total": 3468
    },
    "percentage": {
        "ACTIVE": 8.333333333333334,
        "INACTIVE": 0,
        "INVALID": 99.94232987312571,
        "MALICIOUS": 0,
        "SANE": 0,
        "VALID": 0,
        "total": 108.27566320645904
    }
}