{
    "counter": {
        "ACTIVE": 11233,
        "INACTIVE": 144,
        "INVALID": 14966,
        "MALICIOUS": 0,
        "SANE": 0,
        "VALID": 0,
        "total": 26343
    },
    "percentage": {
        "ACTIVE": 42.64130888661124,
        "INACTIVE": 0.5506271030896298,
        "INVALID": 57.063331681092,
        "MALICIOUS": 0,
        "SANE": 0,
        "VALID": 0,
        "total": 100.25526767079288
    }
}