{
    "counter": {
        "ACTIVE": 2,
        "INACTIVE": 0,
        "INVALID": 3264,
        "MALICIOUS": 0,
        "SANE": 0,
        "VALID": 0,
        "total": 3266
    },
    "percentage": {
        "ACTIVE": 8.333333333333334,
        "INACTIVE": 0,
        "INVALID": 99.93876301285977,
        "MALICIOUS": 0,
        "SANE": 0,
        "VALID": 0,
        "total": 108.2720963461931
    }
}