{
    "counter": {
        "ACTIVE": 2,
        "INACTIVE": 0,
        "INVALID": 3912,
        "MALICIOUS": 0,
        "SANE": 0,
        "VALID": 0,
        "total": 3914
    },
    "percentage": {
        "ACTIVE": 8.333333333333334,
        "INACTIVE": 0,
        "INVALID": 99.94890137966274,
        "MALICIOUS": 0,
        "SANE": 0,
        "VALID": 0,
        "total": 108.28223471299607
    }
}