{
    "counter": {
        "ACTIVE": 11487,
        "INACTIVE": 149,
        "INVALID": 14969,
        "MALICIOUS": 0,
        "SANE": 0,
        "VALID": 0,
        "total": 26605
    },
    "percentage": {
        "ACTIVE": 43.17609471903778,
        "INACTIVE": 0.5624551734551357,
        "INVALID": 56.36343098124859,
        "MALICIOUS": 0,
        "SANE": 0,
        "VALID": 0,
        "total": 100.1019808737415
    }
}