{
    "counter": {
        "ACTIVE": 2,
        "INACTIVE": 0,
        "INVALID": 3353,
        "MALICIOUS": 0,
        "SANE": 0,
        "VALID": 0,
        "total": 3355
    },
    "percentage": {
        "ACTIVE": 8.333333333333334,
        "INACTIVE": 0,
        "INVALID": 99.94038748137109,
        "MALICIOUS": 0,
        "SANE": 0,
        "VALID": 0,
        "total": 108.27372081470442
    }
}