{
    "counter": {
        "ACTIVE": 9741,
        "INACTIVE": 102,
        "INVALID": 14959,
        "MALICIOUS": 0,
        "SANE": 0,
        "VALID": 0,
        "total": 24802
    },
    "percentage": {
        "ACTIVE": 39.27505846302717,
        "INACTIVE": 0.4115392374420012,
        "INVALID": 60.41843370087645,
        "MALICIOUS": 0,
        "SANE": 0,
        "VALID": 0,
        "total": 100.10503140134563
    }
}