{
    "counter": {
        "ACTIVE": 2,
        "INACTIVE": 0,
        "INVALID": 3794,
        "MALICIOUS": 0,
        "SANE": 0,
        "VALID": 0,
        "total": 3796
    },
    "percentage": {
        "ACTIVE": 8.333333333333334,
        "INACTIVE": 0,
        "INVALID": 99.94731296101159,
        "MALICIOUS": 0,
        "SANE": 0,
        "VALID": 0,
        "total": 108.28064629434492
    }
}