{
    "counter": {
        "ACTIVE": 12140,
        "INACTIVE": 155,
        "INVALID": 14971,
        "MALICIOUS": 0,
        "SANE": 0,
        "VALID": 0,
        "total": 27266
    },
    "percentage": {
        "ACTIVE": 44.52431599794616,
        "INACTIVE": 0.56847355681068,
        "INVALID": 54.90721044524316,
        "MALICIOUS": 0.0,
        "SANE": 0.0,
        "VALID": 0.0,
        "total": 100.0
    }
}