{
    "counter": {
        "ACTIVE": 2,
        "INACTIVE": 0,
        "INVALID": 3512,
        "MALICIOUS": 0,
        "SANE": 0,
        "VALID": 0,
        "total": 3514
    },
    "percentage": {
        "ACTIVE": 8.333333333333334,
        "INACTIVE": 0,
        "INVALID": 99.94308480364258,
        "MALICIOUS": 0,
        "SANE": 0,
        "VALID": 0,
        "total": 108.2764181369759
    }
}