{
    "counter": {
        "ACTIVE": 2,
        "INACTIVE": 0,
        "INVALID": 3921,
        "MALICIOUS": 0,
        "SANE": 0,
        "VALID": 0,
        "total": 3923
    },
    "percentage": {
        "ACTIVE": 8.333333333333334,
        "INACTIVE": 0,
        "INVALID": 99.94901860820801,
        "MALICIOUS": 0,
        "SANE": 0,
        "VALID": 0,
        "total": 108.28235194154134
    }
}