{
    "counter": {
        "ACTIVE": 2,
        "INACTIVE": 0,
        "INVALID": 3602,
        "MALICIOUS": 0,
        "SANE": 0,
        "VALID": 0,
        "total": 3604
    },
    "percentage": {
        "ACTIVE": 8.333333333333334,
        "INACTIVE": 0,
        "INVALID": 99.94450610432852,
        "MALICIOUS": 0,
        "SANE": 0,
        "VALID": 0,
        "total": 108.27783943766185
    }
}