{
    "counter": {
        "ACTIVE": 2,
        "INACTIVE": 0,
        "INVALID": 3861,
        "MALICIOUS": 0,
        "SANE": 0,
        "VALID": 0,
        "total": 3863
    },
    "percentage": {
        "ACTIVE": 8.333333333333334,
        "INACTIVE": 0,
        "INVALID": 99.94822676676158,
        "MALICIOUS": 0,
        "SANE": 0,
        "VALID": 0,
        "total": 108.28156010009491
    }
}