{
    "counter": {
        "ACTIVE": 2,
        "INACTIVE": 0,
        "INVALID": 3471,
        "MALICIOUS": 0,
        "SANE": 0,
        "VALID": 0,
        "total": 3473
    },
    "percentage": {
        "ACTIVE": 8.333333333333334,
        "INACTIVE": 0,
        "INVALID": 99.94241289951051,
        "MALICIOUS": 0,
        "SANE": 0,
        "VALID": 0,
        "total": 108.27574623284384
    }
}