{
    "counter": {
        "ACTIVE": 2,
        "INACTIVE": 0,
        "INVALID": 3452,
        "MALICIOUS": 0,
        "SANE": 0,
        "VALID": 0,
        "total": 3454
    },
    "percentage": {
        "ACTIVE": 8.333333333333334,
        "INACTIVE": 0,
        "INVALID": 99.94209612044007,
        "MALICIOUS": 0,
        "SANE": 0,
        "VALID": 0,
        "total": 108.2754294537734
    }
}