{
    "counter": {
        "ACTIVE": 12065,
        "INACTIVE": 153,
        "INVALID": 14971,
        "MALICIOUS": 0,
        "SANE": 0,
        "VALID": 0,
        "total": 27189
    },
    "percentage": {
        "ACTIVE": 44.374563242487774,
        "INACTIVE": 0.5627275736511089,
        "INVALID": 55.062709183861124,
        "MALICIOUS": 0.0,
        "SANE": 0.0,
        "VALID": 0.0,
        "total": 100.0
    }
}