{
    "counter": {
        "ACTIVE": 2,
        "INACTIVE": 0,
        "INVALID": 3319,
        "MALICIOUS": 0,
        "SANE": 0,
        "VALID": 0,
        "total": 3321
    },
    "percentage": {
        "ACTIVE": 8.333333333333334,
        "INACTIVE": 0,
        "INVALID": 99.93977717554954,
        "MALICIOUS": 0,
        "SANE": 0,
        "VALID": 0,
        "total": 108.27311050888287
    }
}