{
    "counter": {
        "ACTIVE": 2,
        "INACTIVE": 0,
        "INVALID": 3396,
        "MALICIOUS": 0,
        "SANE": 0,
        "VALID": 0,
        "total": 3398
    },
    "percentage": {
        "ACTIVE": 8.333333333333334,
        "INACTIVE": 0,
        "INVALID": 99.94114184814597,
        "MALICIOUS": 0,
        "SANE": 0,
        "VALID": 0,
        "total": 108.2744751814793
    }
}