{
    "counter": {
        "ACTIVE": 2,
        "INACTIVE": 0,
        "INVALID": 3540,
        "MALICIOUS": 0,
        "SANE": 0,
        "VALID": 0,
        "total": 3542
    },
    "percentage": {
        "ACTIVE": 8.333333333333334,
        "INACTIVE": 0,
        "INVALID": 99.94353472614343,
        "MALICIOUS": 0,
        "SANE": 0,
        "VALID": 0,
        "total": 108.27686805947675
    }
}