{
    "counter": {
        "ACTIVE": 2,
        "INACTIVE": 0,
        "INVALID": 3261,
        "MALICIOUS": 0,
        "SANE": 0,
        "VALID": 0,
        "total": 3263
    },
    "percentage": {
        "ACTIVE": 8.333333333333334,
        "INACTIVE": 0,
        "INVALID": 99.93870671161508,
        "MALICIOUS": 0,
        "SANE": 0,
        "VALID": 0,
        "total": 108.27204004494841
    }
}