{
    "counter": {
        "ACTIVE": 2,
        "INACTIVE": 0,
        "INVALID": 3930,
        "MALICIOUS": 0,
        "SANE": 0,
        "VALID": 0,
        "total": 3932
    },
    "percentage": {
        "ACTIVE": 8.333333333333334,
        "INACTIVE": 0,
        "INVALID": 99.94913530010173,
        "MALICIOUS": 0,
        "SANE": 0,
        "VALID": 0,
        "total": 108.28246863343506
    }
}